agumonhakase|Neutro|Estudioso da vida digital que utiliza seu conhecimento para orientar outros Digimon.
arkadimon|Escuridão|Criatura artificial que absorve dados de adversários para ampliar seu poder.
algomon_lv3|Escuridão|Pequeno guardião de sua linhagem que protege os indivíduos mais jovens enquanto consomem dados.
alraumon|Madeira|Planta de flor exuberante que aproveita a luz do dia e utiliza recursos vegetais em combate.
bacomon|Madeira|Ser tímido que se protege dentro de caixas e utiliza papelão para construir seu abrigo.
bokomon|Neutro|Pequeno pesquisador que carrega um livro e reúne conhecimentos sobre o Mundo Digital.
bulucomon|Gelo|Dragão jovem de regiões congeladas, com corpo adaptado ao frio e técnicas glaciais.
burgamon|Neutro|Cozinheiro dedicado a preparar hambúrgueres e compartilhar refeições com outros Digimon.
bushiagumon|Metal|Pequeno espadachim de aparência dracônica que aperfeiçoa suas técnicas com a lâmina.
chikurimon|Metal|Criatura semelhante a uma mina que permanece escondida e reage ao contato de intrusos.
chiropmon|Vento|Mamífero semelhante a um morcego, especializado em reconhecimento e coleta de informações.
tyutyumon|Terra|Pequeno estrategista que compensa seu porte com planejamento e astúcia.
clearagumon|Luz|Marionete de blocos transparentes cuja aparência brilhante distingue sua estrutura artificial.
cutemon|Gelo|Ser feérico de regiões frias, alegre e brincalhão apesar de sua timidez.
dokunemon|Madeira|Larva de natureza venenosa que utiliza seus recursos biológicos para afastar ameaças.
dondokomon|Neutro|Instrumentista festivo que reúne outros Digimon ao ritmo de sua percussão.
ebiburgamon|Neutro|Pequeno cozinheiro de coração generoso, ligado a dados de alimentos e receitas.
ekakimon|Neutro|Artista de corpo semelhante a materiais de desenho, movido pelo entusiasmo de criar imagens.
elecmon-violet|Elétrico|Variante de Elecmon de temperamento hostil, que conserva a afinidade elétrica de sua linhagem.
elizamon|Vento|Réptil de estruturas delicadas e ouvidos sensíveis, atento às mudanças de seu entorno.
espimon|Metal|Investigador ciborgue que utiliza equipamento e sensores para acompanhar rumores e descobrir pistas.
niseagumonhakase|Neutro|Estudioso de aparência semelhante a Agumon Expert, envolvido em uma disputa por reconhecimento acadêmico.
fujamon|Água|Predador aquático de rios, territorial e voraz diante de outros habitantes das águas.
gekkomon|Madeira|Réptil de cores intensas que vive em florestas tropicais e usa sua aparência para se camuflar.
gaossmon|Terra|Pequeno réptil de espírito competitivo, que combina provocações e fugas rápidas.
gasamon|Água|Molusco de tentáculos incomuns que utiliza um chapéu como abrigo e disfarce.
ghostmon|Escuridão|Fantasma tímido que costuma evitar ser visto enquanto percorre cemitérios digitais.
hanimon|Terra|Marionete de aspecto cerâmico que habita regiões de ruínas e vestígios antigos.
hyemon|Escuridão|Fera de presas e garras fortes que caça com astúcia e resistência, podendo ampliar a força de seu grupo com uivos.
iguneetmon|Fogo|Pequeno réptil de aparência combativa que associa suas técnicas a chamas e energia ardente.
jazamon|Vento|Dragão jovem de estrutura mecânica, cuja especialização favorece voo e reconhecimento aéreo.
junkmon|Metal|Operário de corpo mecânico que utiliza ferramentas para lidar com estruturas e materiais descartados.
kakamon|Terra|Pequeno ser de aspecto peculiar que sobrevive com recursos ligados ao solo e a resíduos digitais.
kodokugumon|Madeira|Aranha jovem de natureza orgânica, ligada a teias e à sobrevivência em grupo.
kokabuterimon|Elétrico|Besouro jovem de grande força proporcional ao porte, ligado à afinidade elétrica de sua linhagem.
liollmon|Luz|Pequeno leão sagrado de pelagem dourada, com percepção aguçada e instintos protetores.
lucemon|Luz|Anjo de aparência infantil que guarda poder extraordinário sob seu pequeno porte.
ludomon|Metal|Defensor da linhagem Legend-Arms que transforma o próprio corpo em um escudo.
luxmon|Luz|Pequeno anjo de natureza inocente que inicia seu aprendizado entre os guardiões celestiais.
maquinamon|Metal|Ser composto que reúne características de fera e máquina em uma estrutura incomum.
minidekachimon|Terra|Dragão diminuto que compensa sua pouca habilidade de combate com uma atitude confiante.
modokibetamon|Água|Anfíbio semelhante a Betamon, de comportamento atento às oportunidades de seu ambiente.
monitamon|Metal|Observador de aparência de monitor que emprega técnicas ninja e recursos de reconhecimento.
koemon|Madeira|Pequeno primata que utiliza um estilingue e agilidade para enfrentar ameaças.
neamon|Neutro|Fera despreocupada que alterna momentos de distração com reações inesperadas.
otamamon-red|Fogo|Mutação avermelhada de Otamamon ligada ao calor, que prefere águas aquecidas e fontes termais.
paunchessmon|Metal|Pequeno soldado de aparência enxadrística que usa equipamentos para compensar sua força inicial limitada.
paunchessmon-white|Metal|Soldado branco da linhagem Chessmon que participa de confrontos com equipamento defensivo.
phascomon|Escuridão|Fera sombria das florestas do Dark Area, cuja aparência dócil esconde recursos perigosos.
pillomon|Vento|Mamífero de aparência macia que flutua enquanto dorme e manifesta poderes ligados aos sonhos.
pomumon|Madeira|Planta de aparência de ave cujo corpo reúne propriedades de frutas e sucos.
pristimon|Neutro|Marionete de tecido macio, cuja aparência acolhedora contrasta com seus recursos de defesa.
psychemon|Elétrico|Variante colorida de Gabumon que utiliza descargas e sensibilidade elétrica em suas técnicas.
sangomon|Água|Molusco das águas rasas que convive de maneira gentil com outros habitantes do oceano.
shamamon|Madeira|Pequeno praticante de rituais que interpreta sinais e orienta sua comunidade.
shoemon|Vento|Marionete ágil que veste materiais de calçados e brinquedos, escapando de aproximações indesejadas.
sistermonblanc|Luz|Jovem de véu inspirado em um coelho que apoia seus companheiros com poderes protetores.
yukiagumon|Gelo|Parente de Agumon adaptado aos campos de neve e a técnicas de frio.
soundbirdmon|Vento|Ave com alto-falantes nas asas, que utiliza som e mobilidade para reagir ao perigo.
spadamon|Metal|Integrante dos Legend-Arms capaz de transformar seu corpo em uma arma.
sparrowmon|Vento|Ave de voo silencioso e rápido, especializada em manobras e confrontos aéreos.
starmons|Luz|Grupo de pequenos seres estelares que age de forma coordenada ao redor de seu líder.
sunarizamon|Terra|Réptil de regiões desérticas que utiliza areia e camuflagem para sobreviver em grupo.
swimmon|Água|Peixe tropical de corpo colorido que vive em cardumes junto a recifes de águas quentes.
takinmon|Terra|Fera de regiões montanhosas, reconhecível pela pelagem dourada e traços bovinos.
terriermon_assistant|Neutro|Aprendiz estudioso que auxilia pesquisas sobre as diferentes espécies de Digimon.
tinkermon|Vento|Fada ágil que acompanha Petermon e utiliza voo e pequenos recursos mágicos.
toyagumon_black|Escuridão|Marionete de blocos contaminada por dados sombrios, de comportamento provocador e agressivo.
ukkomon|Neutro|Ser feérico ancestral associado a desejos e a acontecimentos misteriosos do Mundo Digital.
bemmon|Metal|Criatura artificial programada para consumir dados e fortalecer sua estrutura.
vorvomon|Fogo|Pequeno dragão de minério quente que mantém uma ligação direta com calor e rochas vulcânicas.
wankomon|Terra|Fera trabalhadora de lealdade intensa, dedicada a auxiliar aqueles que reconhece como companheiros.
zenimon|Metal|Pequeno ser mecânico de aparência de moeda que auxilia Ganemon em suas atividades.
