champion-garurumon|Gelo|Adaptação solicitada pelo autor: a natureza de lobo da tundra prevalece sobre seu sopro de fogo azul.
champion-garurumon-black|Gelo|Mantém a afinidade glacial da espécie Garurumon; a coloração e o Atributo Digital não definem outro Elemento.
champion-gururumon|Gelo|A natureza de lobo das regiões frias aproxima sua afinidade da família Garurumon, apesar de possuir ataques de chama.
champion-stingmon|Madeira|Adaptação solicitada pelo autor: inseto orgânico ligado ao eixo natural; seu exoesqueleto não é metal.
champion-kuwagamon|Madeira|Besouro orgânico de afinidade natural; mandíbulas e carapaça são estruturas biológicas, não componentes metálicos.
champion-snimon|Madeira|O corpo e as técnicas derivam de um louva-a-deus; a precisão de caça não implica natureza metálica.
champion-dokugumon|Madeira|Aranha orgânica que utiliza teia e veneno; a natureza insetoide prevalece sobre a associação genérica com dados virais.
champion-gokimon|Madeira|Inseto orgânico de comportamento furtivo; não possui natureza demoníaca ou energia sombria predominante.
champion-baohuckmon|Fogo|Sua técnica de sopro flamejante expressa melhor sua energia dracônica do que as pequenas lâminas do corpo.
champion-blimpmon|Vento|Veículo cujo corpo de dirigível é construído para a navegação aérea; o revestimento não determina sozinho a afinidade.
champion-centalmon|Terra|Natureza de centauro e combate terrestre; o braço armado é apenas um dos recursos da espécie.
champion-galgomon|Vento|Agilidade, saltos e planeio com as orelhas prevalecem sobre o uso de armas nos braços.
champion-blackgalgomon|Escuridão|Especialista em emboscadas nas sombras e ataques noturnos; o contexto de caça prevalece sobre o armamento.
champion-turuiemon|Neutro|Artista marcial de técnicas corporais, sem um domínio elemental predominante; as manoplas não bastam para definir Metal.
champion-dinohumon|Terra|Guerreiro reptiliano de território selvagem e força muscular; portar espada não altera sua natureza terrestre.
champion-ginkakumon|Terra|Oni de porte gigantesco e golpes de impacto; seu recipiente de metal não define a natureza da espécie.
champion-kinkakumon|Elétrico|As descargas de alta tensão do corpo e os chutes elétricos predominam sobre o material de sua arma.
champion-jazardmon|Vento|Dragão de voo e manobras aéreas, cuja especialização como caça prevalece sobre a estrutura mecânica.
champion-hoverespimon|Vento|Mobilidade aérea de reconhecimento como especialização predominante, preservando sua Classificação Cyborg.
champion-mailbirdramon|Vento|Predador aéreo de apoio e investidas de voo; a mecânica do corpo permanece na Classificação.
champion-raptorsparrowmon|Vento|A especialização em velocidade e mobilidade aérea continua central mesmo após o reforço da armadura.
champion-mulemon|Terra|Máquina de carga quadrúpede que se distingue pelo equilíbrio e pela locomoção em terrenos acidentados.
champion-deadlyaxemon|Terra|Besta quadrúpede de vigor e investidas rápidas; sua transformação em arma é um recurso, não toda a natureza da espécie.
ultimate-weregarrumon|Gelo|Mantém a afinidade da família Garurumon adaptada ao frio, sem converter a postura bípede em elemento terrestre.
ultimate-weregarurumon-black|Gelo|A variante compartilha a natureza glacial de sua linhagem; cor e Atributo Digital não obrigam alteração de Elemento.
ultimate-jewelbeemon|Madeira|Besouro orgânico de carapaça prismática e natureza insetoide; aparência de joia não equivale a metal.
ultimate-okuwamon|Madeira|Evolução de Kuwagamon com sentidos e carapaça biológicos, ligada ao mesmo eixo natural de sua linhagem.
ultimate-dinobeemon|Madeira|A metade insetoide e os instintos de caça da quimera sustentam a afinidade natural, além do recurso de voo.
ultimate-paildramon|Madeira|Na composição dracônica e insetoide, prioriza-se o eixo orgânico de Stingmon sobre as armas externas.
ultimate-stiffilmon|Vento|A velocidade e as técnicas de vórtice desta evolução favorecem Vento; espinhos resistentes não tornam o corpo metálico.
ultimate-machgaogamon|Vento|Propulsão, golpes de velocidade, tornado e ataque sônico predominam sobre o simples uso de equipamento mecânico.
ultimate-blackmachgaogamon|Vento|Mantém as técnicas de tornado e a especialização aérea da espécie, apesar da alteração de cor.
ultimate-masterblimpmon|Vento|Evolução de um dirigível, especializada em operações nos céus; blindagem é um recurso de proteção.
ultimate-mockingbirdmon|Vento|A movimentação e as técnicas de ave mecanizada favorecem o eixo dos céus em vez do material do corpo.
ultimate-jazarichmon|Vento|Evolução orientada à aviação e ao controle do espaço aéreo; Cyborg continua sendo a Classificação.
ultimate-zudomon|Elétrico|A onda elétrica produzida pelo martelo é mais representativa do Elemento do que o metal usado na arma.
ultimate-metalfantomon|Escuridão|A função de ceifador de almas e suas técnicas espectrais predominam sobre a mecanização do corpo.
ultimate-darkknightmon|Escuridão|Cavaleiro de origem morta-viva, ligado à astúcia e ao poder sombrio; armadura não substitui essa natureza.
ultimate-saviorhuckmon|Fogo|Seu ataque Meteor Flame mantém o eixo flamejante da linhagem; intenção protetora e lâminas não definem sozinhas Luz ou Metal.
ultimate-atlurballistamon|Elétrico|As funções eletromagnéticas e de descarga do corpo predominam sobre a presença de blindagem mecânica.
ultimate-rapidmon|Vento|Velocidade extrema, rastreamento e mobilidade são a especialização da espécie, além do arsenal mecânico.
ultimate-blackrapidmon|Escuridão|A variante especializa-se em aproximação silenciosa e combate noturno, cuja natureza prevalece sobre as armas.
mega-banchostingmon|Madeira|Guerreiro inseto orgânico da linhagem Stingmon; mantém seu eixo natural em vez de ficar Neutro por portar armas.
mega-grandiskuwagamon|Madeira|Besouro guerreiro da linhagem Kuwagamon; carapaça e pinças expressam sua natureza orgânica.
mega-grankuwagamon|Madeira|Predador inseto das florestas; hábitos noturnos não bastam para classificar sua natureza como Escuridão.
mega-tyrantkabuterimon|Madeira|Soberano dos insetos com vínculo direto às florestas; agir à noite não torna sua natureza demoníaca.
mega-metalgarurumon-black|Gelo|Preserva o armamento glacial e a natureza da espécie MetalGarurumon; a cor negra não exige mudança elemental.
mega-cresgarurumon|Gelo|Adaptação pela natureza da linhagem Garurumon; o equipamento de guerreiro permanece descrito sem definir sozinho Metal.
mega-baihumon|Metal|Guardião sagrado associado ao poder do metal e à transformação metálica de seus alvos.
mega-bancholeomon|Terra|A força corporal, a resistência e os golpes diretos predominam nesta forma leonina guerreira.
mega-dinorexmon|Terra|Dinossauro de grande porte que utiliza peso, garras e mandíbulas em confrontos terrestres.
mega-dinotigermon|Gelo|Fera ancestral da linhagem SaberLeomon adaptada a regiões frias; o endurecimento das presas é um recurso de combate.
mega-examon|Vento|Dragão de grandes asas e domínio aéreo, cuja capacidade de voo orienta a afinidade do Bonds.
mega-ageisdramon|Água|Dragão marinho da linhagem Plesiomon e Seadramon; habitat e ação subaquática predominam sobre a armadura.
mega-miragegaogamon|Vento|A velocidade e as técnicas de ar da linhagem Gaogamon continuam centrais mesmo com armadura metálica.
mega-blackwargreymon|Escuridão|A energia obscura de seus ataques e sua contraposição à forma original predominam sobre a armadura negra.
mega-wargreymon|Fogo|A energia solar concentrada em seu ataque e a tradição flamejante da linhagem Greymon prevalecem sobre a armadura.
mega-shinegreymon|Luz|A absorção e a emissão de energia luminosa são centrais nesta espécie, além do uso de chamas em seus ataques.
mega-blitzgreymon|Elétrico|A eletricidade utilizada por seu armamento e seus ataques representa melhor sua afinidade do que a blindagem.
mega-heavyleomon|Terra|O combate de grande massa, com golpes de impacto e esmagamento, predomina sobre a construção mecânica.
mega-metatromon|Elétrico|Ondas magnéticas e armas de energia favorecem Elétrico; a aparência angelical não implica poder sagrado, ausente no perfil oficial.
mega-slashangemon|Luz|A função de anjo protetor e guerreiro da justiça prevalece sobre as lâminas que integram seu corpo.
mega-minervamon|Terra|Divindade de força física e natureza serpentina, cuja atuação corporal é mais central do que o material da espada.
mega-mervamon|Terra|Mantém o eixo de força física e natureza serpentina da linhagem Minervamon.
mega-medusamon|Terra|Sua natureza reptiliana e o poder de petrificação favorecem Terra em vez de uma afinidade indefinida.
mega-rasenmon|Vento|O movimento espiral e as correntes produzidas em seus ataques definem melhor sua afinidade que a ausência de elemento.
mega-saberleomon|Vento|A velocidade extraordinária e as investidas velozes prevalecem sobre a força física genérica da espécie.
mega-omegamon-zwart|Escuridão|A influência de Black Digitron e a natureza sombria desta variante prevalecem sobre as armas que utiliza.
