AGUMON|Pequeno réptil que compensa seu porte com coragem e ataques de fogo.
BLACK AGUMON|Variante mais selvagem de Agumon, mantém o potencial dracônico e o domínio de chamas.
KUDAMON|Besta alongada ligada a artefatos místicos e energia sagrada.
GOMAMON|Besta marinha de pelagem protetora, habilidosa ao nadar e andar sobre superfícies escorregadias.
CORONAMON|Besta de energia solar que manifesta seu vigor através do calor e das chamas.
ZUBAMON|Integrante das Legend-Arms, carrega em seu corpo a capacidade de assumir propriedades de arma.
SOLARMON|Engrenagem dourada viva que produz calor através de seus mecanismos.
TERRIERMON|Pequena besta de orelhas grandes, capaz de criar redemoinhos e correntes de ar.
TENTOMON|Inseto de carapaça firme que conduz eletricidade por suas antenas.
TOYAGUMON|Criatura de blocos de brinquedo cujo corpo desmontável lembra o de Agumon.
TAPIRMON|Besta sagrada inspirada no baku, ligada à proteção dos sonhos contra pesadelos.
HYOKOMON|Ave jovem de espírito guerreiro que busca aperfeiçoar sua técnica marcial.
BIYOMON|Ave filhote que combina mobilidade e ataques de fogo enquanto desenvolve suas asas.
FALCOMON|Ave atenta e ágil, favorece perseguições e investidas rápidas.
SALAMON|Mamífero de pequeno porte com afinidade sagrada e potencial angelical.
BEARMON|Urso jovem de luvas, resistente e habilidoso em golpes corporais.
PENMON|Ave de regiões frias, adaptada à natação e à vida próxima à água.
MONODRAMON|Mini dragão combativo que enfrenta adversários maiores com suas garras.
RYUDAMON|Protótipo de armadura oriental e interface antiga, dotado de forte espírito guerreiro.
ELECMON|Mamífero curioso que acumula e descarrega eletricidade através de seus pelos.
GAOMON|Besta de luvas que emprega disciplina e agilidade em técnicas de pugilismo.
CRABMON|Crustáceo de carapaça firme e pinças robustas, adaptado ao combate aquático.
GABUMON|Réptil reservado que usa uma pele de dados de Garurumon como proteção.
BLACK GABUMON|Variante mais agressiva de Gabumon que se protege com uma pele de linhagem lupina.
KAMEMON|Tartaruga tecnológica de carapaça protetora, preparada para ambientes aquáticos.
KOKUWAMON|Besouro mecânico que utiliza suas mandíbulas para conduzir descargas elétricas.
GOTSUMON|Criatura mineral resistente que se camufla entre as pedras.
KOTEMON|Aprendiz de espadachim com proteção de kendô, dedicado à disciplina marcial.
SHOUTMON|Mini dragão de voz poderosa que transforma entusiasmo e gritos em combate.
DRACOMON|Dragão de dados primitivos, protegido por escamas e instintos ferozes.
DORUMON|Protótipo de origem experimental e interface antiga, com instintos e potencial evolutivo elevados.
PATAMON|Mamífero que voa com suas orelhas e guarda um potencial para formas sagradas.
HUCKMON|Mini dragão que cresce através do treinamento e da busca constante por força.
PALMON|Vegetal de flor tropical que emprega aromas, raízes e cipós em suas técnicas.
FLORAMON|Vegetal protegido por pétalas, capaz de produzir pólen com efeitos diversos.
MUCHOMON|Ave tropical terrestre de temperamento enérgico, adaptada a regiões quentes.
LALAMON|Vegetal leve que utiliza sementes e outros recursos naturais para lutar.
LUNAMON|Mamífero lunar de grandes orelhas sensoriais e afinidade com poderes noturnos.
RENAMON|Raposa inteligente de movimentos precisos, capaz de alterar a aparência de seus dados.
LOPMON|Besta de longas orelhas que esconde grande versatilidade e potencial evolutivo.
IMPMON|Pequeno demônio provocador, ligado a truques e ataques de fogo sombrio.
OTAMAMON|Anfíbio semelhante a um girino, emprega voz e movimento em técnicas aquáticas.
GAZIMON|Mamífero de garras afiadas que utiliza emboscadas e descargas paralisantes.
GIZAMON|Predador aquático de dentes e nadadeiras adaptados à caça.
GUILMON|Réptil de dados incomuns, cuja força destrutiva esconde enorme potencial de evolução.
GOBLIMON|Pequeno demônio de porrete que prefere emboscadas e golpes diretos.
SYAKOMON|Criatura aquática que se abriga em uma concha para se defender.
SNOWGOBLIMON|Variante de Goblimon adaptada à neve e a técnicas de frio.
CHUUMON|Roedor oportunista que sobrevive à margem dos conflitos e costuma acompanhar Sukamon.
DRACMON|Criatura vampírica que age à noite e confunde suas vítimas com truques.
HAGURUMON|Máquina de engrenagens compatível com mecanismos e ambientes industriais.
DEMIDEVIMON|Demônio pequeno e astuto, especializado em engano e energia sombria.
FUNBEEMON|Inseto semelhante a uma abelha, reúne voo e organização coletiva de colmeia.
BETAMON|Anfíbio quadrúpede que vive perto da água e se defende com eletricidade.
MUSHROOMON|Cogumelo digital que produz fungos capazes de causar condições e efeitos variados.
ARMADILLOMON|Mamífero de carapaça resistente que se enrola para se proteger.
VEEMON|Mini dragão de espírito aventureiro e linhagem associada às antigas evoluções por DigiOvo.
HAWKMON|Ave precisa e atenta, ligada a antigas formas de evolução por DigiOvo.
WORMMON|Larva gentil que produz fios aderentes e possui grande potencial insetoide.
KERAMON|Forma anômala que consome e multiplica dados de rede rapidamente.
COMMANDRAMON|Soldado da D-Brigade equipado com armamento, recursos militares e camuflagem.
LABRAMON|Parceiro de classificação Besta, registrado no Bonds com afinidade de Luz.
CANDLEMON|Criatura em forma de vela cuja chama está diretamente ligada à sua vida.
KUNEMON|Larva de antenas elétricas que utiliza descargas para enfrentar ameaças.
BLACK LIOLLMON|Leão de pelagem negra e colar com pedra preciosa, orgulhoso e protetor.
GUMDRAMON|Mini dragão inquieto de corpo flexível e cauda móvel, limitado por um anel especial.
TSUKAIMON|Mamífero travesso de natureza sombria que voa através de suas orelhas.
GAMMAMON|Jovem ceratopsiano de origem espacial incomum, com caminhos evolutivos bastante distintos.
ANGORAMON|Besta de pelagem macia e audição aguçada, usa suas longas orelhas para se deslocar pelo ar.
JELLYMON|Molusco de corpo flexível e tentáculos hábeis, capaz de manipular eletricidade.
HERISSMON|Mamífero de espinhos eletrificados que combina defesa natural e movimentos rápidos.
PULSEMON|Guerreiro energético ligado a dados de batimentos cardíacos, atividade física e eletricidade.
LOOGAMON|Besta lupina de dados demoníacos antigos, reconhece hierarquia e defende seu território.
PTEROMON|Dragão-ave de chifres sensoriais que interpreta o clima e as correntes de ar.
MORPHOMON|Inseto de asas de borboleta que espalha escamas capazes de produzir diferentes efeitos.
