algomon_lv2|Neutro|Filhote mutante que se alimenta de dados vazados da rede.
babydmon|Fogo|Pequeno dragão que desenvolve força e energia ardente antes da fase Novato.
bibimon|Elétrico|Bebê elétrico cheio de energia, sempre correndo e explorando.
bosamon|Neutro|Filhote tímido cuja franja cobre os olhos e reforça seu jeito reservado.
bowmon|Escuridão|Pequena fera curiosa que investiga o ambiente pelo cheiro.
budmon|Madeira|Broto vivo formado por dados vegetais, protegido por pequenas toxinas.
pukamon|Água|Bebê aquático brincalhão, ágil tanto na água quanto perto da margem.
chapmon|Água|Filhote que prefere águas limpas e vive em ambientes aquáticos preservados.
chicchimon|Vento|Ave bebê amarela que ainda não voa e explora o terreno aos saltos.
cupimon|Luz|Pequeno anjo bondoso que espalha alegria e ajuda outros Digimon.
petimeramon|Fogo|Chama viva de pequeno porte, alimentada pelo calor de seu núcleo.
chibimon|Neutro|Pequeno dragão azul com membros desenvolvidos e comportamento inquieto.
dorimon|Metal|Filhote resistente e indomável que dispara em corridas rápidas.
fluffymon|Vento|Pequena ave que se esconde na folhagem e observa o ambiente com cautela.
frimon|Terra|Filhote com uma gola de pelos endurecidos que serve como proteção.
gigimon|Fogo|Bebê quadrúpede de linhagem dracônica, com apetite e temperamento vivos.
gummymon|Vento|Filhote alegre e cheio de energia, companheiro frequente de Kokomon.
gurimon|Fogo|Bebê com dois chifres que percorre o território em busca de alimento.
hiyarimon|Gelo|Filhote coberto de neve, adaptado a regiões geladas.
hopmon|Luz|Pequeno dragão escamoso com olhos atentos e natureza protetora.
kakkinmon|Metal|Bebê protegido por um escudo de cobre, firme diante de ameaças.
capromon|Metal|Filhote de capacete metálico com antenas para captar sinais.
kekkomon|Neutro|Bebê colorido que usa sua língua sensível para perceber o mundo.
chocomon|Escuridão|Filhote gentil e tranquilo, ligado desde cedo à companhia de Gummymon.
koromon|Fogo|Bebê rosado e ativo, capaz de lançar pequenas bolhas para se defender.
kozenimon|Metal|Criatura minúscula em forma de moeda, otimista e ligada a Ganemon.
kyaromon|Luz|Filhote curioso com uma cauda forte e disposição para explorar.
kyokyomon|Metal|Bebê alongado que estica o corpo quando precisa intimidar inimigos.
minomon|Madeira|Larva protegida por uma casca resistente, confortável entre plantas.
missimon|Metal|Pequena máquina em forma de míssil, impulsionada por sua própria propulsão.
mococomon|Vento|Filhote de fumaça que ganhou presas e maior controle dos movimentos.
monimon|Metal|Pequeno ninja de aparência eletrônica que se desloca em grupos discretos.
moonmon|Água|Bebê semelhante a uma gota, associado à tranquilidade das noites de luar.
mochimon|Neutro|Filhote de pele elástica que avança com pequenos apoios sob o corpo.
negamon|Escuridão|Bebê misterioso que cresce absorvendo dados negativos da rede.
nyaromon|Luz|Pequeno felino caprichoso, curioso e atento a tudo que se move.
onibimon|Escuridão|Espírito bebê capaz de atravessar obstáculos materiais.
pagumon|Escuridão|Filhote travesso que usa suas orelhas para pairar perto do chão.
pickmon|Metal|Pequeno integrante do grupo Starmons, acostumado a agir em conjunto.
pinamon|Elétrico|Ave bebê inquieta cuja maneira de correr revela suas emoções.
poromon|Vento|Pequena ave redonda que já consegue voar a baixa altura.
puroromon|Madeira|Larva alada que controla suas asas de modo independente para mudar de direção.
pusurimon|Neutro|Filhote quadrúpede com espinhos amarelos e energia para correr sem parar.
puyoyomon|Água|Bebê marinho de tentáculos flexíveis, formado a partir de dados de águas-vivas.
sakuttomon|Metal|Pequeno Digimon com duas lâminas, preparado para aprender a combater.
sunmon|Fogo|Filhote solar com uma pequena chama acesa sobre a cabeça.
tanemon|Madeira|Bebê vegetal com um broto que cresce junto de seu potencial digital.
tokomon|Luz|Pequeno filhote de quatro patas, gentil mas capaz de se defender com suas presas.
torikaraballmon|Neutro|Criatura nascida de dados culinários, de corpo arredondado e aroma peculiar.
tsumemon|Escuridão|Bebê misterioso com garras nos tentáculos e comportamento imprevisível.
tunomon|Neutro|Filhote peludo de um só chifre, brincalhão e ainda pouco preparado para lutar.
goromon|Terra|Bebê que consome pedras para crescer e desenvolver seu corpo mineral.
upamon|Água|Filhote anfíbio com brânquias laterais, capaz de viver na água e em terra.
pokomon|Luz|Pequeno filhote noturno ligado ao luar e à linhagem de Renamon.
wanyamon|Neutro|Filhote que reúne traços de cães e gatos, ágil e acostumado à convivência.
xiaomon|Neutro|Bebê quadrúpede de origem artificial, criado para acompanhar humanos.
yarmon|Escuridão|Filhote de atitude teimosa e impulsiva, com uma natureza sombria em formação.
pyocomon|Madeira|Bebê vegetal com uma grande flor na cabeça e raízes usadas para se mover.
