agnimon|champion|spirit-human|Fogo|Guerreiro do Digiespírito humano do Fogo que concentra chamas espirituais em seus golpes.
aldamon|mega|spirit-combined|Fogo|Forma que reúne os Digiespíritos do Fogo em um guerreiro de chamas intensas e grande poder ofensivo.
arbormon|champion|spirit-human|Madeira|Guerreiro do Digiespírito humano da Madeira, de corpo semelhante a uma marionete mecânica vegetal.
blitzmon|champion|spirit-human|Elétrico|Guerreiro do Digiespírito humano do Trovão que produz descargas elétricas com seus movimentos.
beowolfmon|mega|spirit-combined|Luz|Guerreiro que reúne os Digiespíritos da Luz, combinando instinto de fera e técnica de espadachim.
vritramon|ultimate|spirit-beast|Fogo|Fera do Digiespírito do Fogo, protegida contra calor extremo e preparada para combater entre lava e chamas.
calamaramon|ultimate|spirit-beast|Água|Fera do Digiespírito da Água que utiliza tentáculos e movimentos giratórios em combate.
daipenmon|mega|spirit-combined|Gelo|Forma combinada do Digiespírito do Gelo, com grande porte e recursos de resfriamento intenso.
duskmon|champion|spirit-human|Escuridão|Guerreiro do Digiespírito humano da Escuridão em sua manifestação corrompida, movido por energia sombria.
kaisergreymon|mega|spirit-transcendent|Fogo|Guerreiro transcendente que reúne vários Digiespíritos e canaliza o poder das chamas em sua espada.
flamon|rookie|spirit-base|Fogo|Pequeno herdeiro do poder de Agunimon, cuja aparência jovem guarda o potencial do Digiespírito do Fogo.
gigasmon|ultimate|spirit-beast|Terra|Fera do Digiespírito da Terra cujo corpo gigantesco reúne solo e minerais endurecidos.
grottemon|champion|spirit-human|Terra|Guerreiro do Digiespírito humano da Terra, hábil na construção de armas e em ataques de impacto.
kaiserleomon|ultimate|spirit-beast|Escuridão|Fera do verdadeiro Digiespírito da Escuridão, com natureza leonina e investidas velozes.
jetsilphymon|mega|spirit-combined|Vento|Forma combinada do Digiespírito do Vento que absorve correntes de ar para ampliar seu deslocamento.
fairimon|champion|spirit-human|Vento|Guerreira do Digiespírito humano do Vento que controla a atmosfera e confunde seus adversários.
garummon|ultimate|spirit-beast|Luz|Fera do Digiespírito da Luz, de aparência lupina e corpo preparado para movimentos de altíssima velocidade.
blizzarmon|ultimate|spirit-beast|Gelo|Fera do Digiespírito do Gelo que combina coragem impetuosa e força em ambientes congelados.
chackmon|champion|spirit-human|Gelo|Guerreiro do Digiespírito humano do Gelo que utiliza técnicas de neve e equipamento de combate polar.
ranamon|champion|spirit-human|Água|Guerreira do Digiespírito humano da Água, com sensibilidade às condições do oceano e poderes aquáticos.
wolfmon|champion|spirit-human|Luz|Guerreiro do Digiespírito humano da Luz, protegido por cristais sagrados e equipado com lâminas luminosas.
louwemon|champion|spirit-human|Escuridão|Verdadeiro guerreiro do Digiespírito humano da Escuridão, liberto da corrupção de sua forma anterior.
magnagarurumon|mega|spirit-transcendent|Luz|Guerreiro transcendente que reúne vários Digiespíritos e utiliza voo veloz e armamento de energia luminosa.
mercuremon|champion|spirit-human|Metal|Guerreiro do Digiespírito humano do Metal que utiliza espelhos e reflexão para conduzir o confronto.
bolgmon|ultimate|spirit-beast|Elétrico|Fera do Digiespírito do Trovão que concentra eletricidade em uma estrutura de combate pesada.
petaldramon|ultimate|spirit-beast|Madeira|Fera do Digiespírito da Madeira que transforma brotos e crescimento vegetal em um corpo dracônico colossal.
raihimon|mega|spirit-combined|Escuridão|Forma que reúne os Digiespíritos da Escuridão em um guardião guerreiro de poder sombrio controlado.
rhinokabuterimon|mega|spirit-combined|Elétrico|Forma combinada do Digiespírito do Trovão que concentra eletricidade em um corpo insetoide monumental.
sephirothmon|ultimate|spirit-beast|Metal|Fera do Digiespírito do Metal, de corpo incomum e grande capacidade de analisar técnicas adversárias.
storabimon|rookie|spirit-base|Luz|Pequeno herdeiro do poder de Lobomon que mantém instintos de combate e potencial para o Digiespírito da Luz.
velgrmon|ultimate|spirit-beast|Escuridão|Fera alada do Digiespírito da Escuridão corrompido, cuja aparência monstruosa acompanha ataques destrutivos.
shutumon|ultimate|spirit-beast|Vento|Fera do Digiespírito do Vento que combina voo, agilidade e correntes de ar em seus ataques.
