volvemon|Neutro|Entidade primordial ligada aos ciclos do ambiente e à transformação de dados.
albatusmon|Neutro|Sua absorção de dados exige contenção; a aparência serena esconde uma força difícil de controlar.
atratusmon|Escuridão|Libera a energia que acumula e representa o outro lado de um antigo equilíbrio digital.
abbadomon|Escuridão|Uma existência destrutiva que ameaça desfazer os dados do mundo ao seu redor.
achillesmon|Neutro|Artista marcial disciplinado que aperfeiçoa corpo e técnica sem ostentar sua força.
ageisdramon|Metal|Dragão marinho protegido por uma armadura dourada e equipado para operações de grande escala.
alphamon|Luz|Cavaleiro reservado, cuja presença impõe equilíbrio entre forças digitais extraordinárias.
amaterasumon|Luz|Divindade solar que reúne autoridade sagrada e uma presença luminosa.
amphimon|Água|Combatente marinha com equipamento tecnológico e recursos para atuar nas profundezas.
ancientbeatmon|Elétrico|Inseto ancestral que reúne uma carapaça robusta e o poder de tempestades elétricas.
ancientgarurumon|Gelo|Guerreiro ancestral de natureza glacial, preparado para duelos rápidos com suas lâminas.
ancientgreymon|Fogo|Dragão ancestral cuja força bruta vem acompanhada de chamas intensas.
ancientirismon|Vento|Figura ancestral dos céus, marcada pela liberdade e pelo domínio das correntes de ar.
ancientmegatheriumon|Gelo|Fera ancestral de grande porte, preparada para atravessar regiões congeladas com força e resistência.
ancientmermaimon|Água|Guardiã ancestral dos oceanos, ligada às águas e às criaturas que habitam suas profundezas.
ancientsphinkmon|Escuridão|Esfinge ancestral ligada às sombras e aos mistérios da vida e da morte digital.
ancienttroiamon|Madeira|Gigante de madeira que transforma o próprio corpo em uma fortaleza móvel.
ancientvolcamon|Fogo|Gigante ancestral que abriga magma em seu corpo e transforma pressão em erupções destrutivas.
ancientwisetmon|Metal|Sábio ancestral de natureza metálica, ligado a registros e conhecimentos que atravessam eras.
anubimon|Luz|Guardião ligado ao julgamento dos dados e à passagem entre vida e morte digital.
apoclymon|Escuridão|Entidade misteriosa formada por pensamentos negativos, cuja presença ameaça a estabilidade do mundo digital.
apollomon|Fogo|Divindade de natureza solar que concentra calor e chamas em combate.
arcturusmon|Escuridão|Dragão guerreiro formado pela concentração extrema de energia sombria e dados contaminados.
algomon|Escuridão|Mutante colossal que concentra dados destrutivos em ataques de longo alcance.
ariemon|Água|Ser aquático associado à cura e a presságios, capaz de alertar sobre calamidades vindouras.
armagemon|Escuridão|Monstro que concentra numerosos dados de uma linhagem invasora em um corpo de poder destrutivo.
armamon|Metal|Guerreiro cujas transformações convertem o próprio corpo em armamento.
artiomon|Madeira|Regente de uma região florestal onde feras disputam a sobrevivência sob sua autoridade.
avengekidmon|Fogo|AvengeKidmon: Guerreiro dracônico que alia força física a habilidades de combate refinadas. O calor e as chamas orientam sua afinidade no Bonds.
qinglongmon|Vento|Dragão sagrado dos céus, associado às tempestades e à proteção de seu território.
babamon|Neutro|Anciã de aparência simples que utiliza uma vassoura mágica para enfrentar ameaças digitais.
bacchusmon|Neutro|Divindade festiva que reúne outros Digimon em banquetes e transforma substâncias dentro do próprio corpo.
bagramon|Escuridão|Antigo anjo rebelde que substituiu partes do corpo e passou a desafiar a ordem digital.
baihumon|Neutro|Tigre sagrado de força colossal, cuja presença impõe respeito entre outras feras.
banchogolemon|Terra|Guerreiro mineral de vontade própria, marcado pela disciplina e pela resistência de seu corpo.
bancholeomon|Neutro|Guerreiro leonino que enfrenta adversários com coragem e força física.
bancholilimon|Madeira|Fada vegetal de postura desafiadora que combina flores e golpes vigorosos.
banchomamemon|Neutro|Pequeno combatente independente que usa sua coragem para apoiar aqueles que considera dignos.
banchostingmon|Neutro|Inseto guerreiro que usa seu corpo resistente e ataques perfurantes em confrontos diretos.
barbamon|Escuridão|Senhor demoníaco que manipula desejos e busca acumular poder para si.
beelstarmon|Escuridão|Pistoleira de aparência demoníaca que resolve confrontos com precisão e mobilidade.
beelzebumon|Escuridão|Combatente demoníaco independente, equipado com armas e uma postura ameaçadora.
bigukkomon|Neutro|Ser ancestral associado à renovação da vida digital após uma grande destruição.
blacksaintgalgomon|Metal|Fortaleza mecanizada que compensa a pouca mobilidade com armas distribuídas por todo o corpo.
blackseraphimon|Escuridão|Anjo cuja armadura e asas foram transformadas pelo ressentimento e pela corrupção.
blackwargreymon|Metal|Guerreiro dracônico de armadura negra que enfrenta seus alvos com garras metálicas.
blastmon|Terra|Gigante cristalino cuja armadura se recompõe, combinando peso extremo e golpes devastadores.
blitzgreymon|Metal|Dragão mecanizado que combina armadura pesada e armamento de grande potência.
bloomlordmon|Madeira|Cavaleiro das plantas que floresce em defesa da vida e do equilíbrio natural.
voltobautamon|Escuridão|Feiticeiro demoníaco nascido de dados vingativos, que combina artimanhas e poder sombrio.
boltmon|Elétrico|Ciborgue de força bruta, atravessado por energia elétrica e armado para confrontos próximos.
breakdramon|Metal|Máquina dracônica de escavação que transforma obstáculos em terreno devastado.
brigadramon|Metal|Unidade militar aérea projetada para coordenar operações e enfrentar ameaças com armamento pesado.
bryweludramon|Metal|Dragão de escudos que transforma o próprio corpo em uma defesa extremamente resistente.
callismon|Escuridão|Fera semelhante a um urso, cuja evolução resulta de anomalias em seus dados.
cannondramon|Metal|Gigante mecanizado que mantém inimigos afastados com canhões de longo alcance e uma cauda poderosa.
cendrillmon|Fogo|Figura inspirada em contos de fadas que vive entre cinzas e regiões vulcânicas.
ceresmon|Madeira|Divindade vegetal cujo corpo monumental abriga um ecossistema vivo.
cerunumon|Madeira|Fera sagrada das florestas que produz música por meio dos instrumentos em seus chifres.
chaosdukemon|Escuridão|Cavaleiro sombrio de lança e escudo, movido por uma força destrutiva.
chaosdramon|Metal|Dragão mecânico de corpo vermelho que amplia a força de uma arquitetura de combate pesada.
chaosmon|Neutro|Existência instável que preserva dois núcleos digitais em um único corpo.
cherubimon-vice|Escuridão|A forma sombria de um guardião celestial, tomada por impulsos destrutivos.
cherubimon|Luz|Guardião celestial que protege outros seres com sua energia sagrada.
clavisangemon|Luz|Guardião de um portão entre mundos, portador de uma chave que protege sua passagem.
craniummon|Luz|Cavaleiro de armadura imponente, especializado em defesa e combate com sua arma longa.
demon|Escuridão|Senhor demoníaco de origem angelical que comanda forças sombrias contra a ordem digital.
cresgarurumon|Metal|Guerreiro lupino que combina agilidade e armas metálicas para dominar o duelo.
cthyllamon|Água|Ser das profundezas que se esconde na escuridão do mar e engana quem tenta se aproximar.
dalphomon|Luz|Fera alada de aparência ameaçadora que age com a autoridade de um anjo.
darkdramon|Escuridão|Soldado dracônico mecanizado, concebido para perseguir e eliminar seus alvos.
devitamamon|Escuridão|Mutante que encerra uma concentração de maldade e contamina o que alcança.
diablomon|Escuridão|Predador digital que invade redes e multiplica ameaças por meio dos dados.
dianamon|Gelo|Divindade lunar que reúne serenidade, reflexos precisos e uma natureza fria.
diarbbitmon|Luz|Cavaleiro de aparência leporina, ágil e atento à proteção de seu território.
dijiangmon|Escuridão|Ser silencioso de aparência inquietante, cujo comportamento torna suas intenções difíceis de entender.
dinomon|Fogo|Dinomon: Predador de natureza pré-histórica que se apoia em porte, força e armas naturais. O calor e as chamas orientam sua afinidade no Bonds.
dinorexmon|Neutro|Dinossauro predador que domina suas presas com garras enormes e mandíbulas poderosas.
dinotigermon|Metal|Fera ancestral que fortaleceu o corpo com componentes metálicos após sobreviver a inúmeros confrontos.
dominimon|Luz|Anjo independente que intervém ao lado de outros guardiões quando uma ameaça exige sua força.
donedevimon|Escuridão|Ser corrompido por dados negativos, cuja fúria rompe os limites da razão.
dorbickmon|Fogo|Dorbickmon: Guerreiro dracônico que alia força física a habilidades de combate refinadas. O calor e as chamas orientam sua afinidade no Bonds.
dorugoramon|Neutro|Dragão bestial cuja evolução prioriza força física e instintos de sobrevivência.
dullahamon|Escuridão|Cavaleiro espectral que percorre o mundo em busca de seres próximos de sua morte digital.
durandamon|Luz|Espadachim cuja própria existência representa uma arma sagrada de poder extraordinário.
dynasmon|Luz|Cavaleiro dracônico que concentra poder em golpes e descargas de energia.
crossmon|Vento|Ave gigante de armadura dourada que controla o confronto a partir dos céus.
ebemon|Metal|Ciborgue de origem experimental, equipado com tecnologia incomum e armas de precisão.
xuanwumon|Água|Guardião sagrado de duas cabeças, cuja serenidade acompanha o domínio de águas ilusórias.
eldoradimon|Terra|Gigante semelhante a uma fortaleza antiga, capaz de abrigar vida sobre seu corpo monumental.
enmamon|Fogo|Regente de um mundo dos mortos, acompanhado por familiares que participam de seu julgamento.
eosmon_lv6|Neutro|Ser artificial que reúne numerosas unidades em um corpo capaz de gerar novas criaturas.
erlangmon|Luz|Guerreiro divino de convicções firmes, dedicado a enfrentar a maldade com sua arma sagrada.
exmaquinamon|Metal|Existência dividida entre fera e máquina, com dois núcleos de naturezas distintas.
examon|Neutro|Cavaleiro dracônico de dimensões extraordinárias, cujo corpo reúne uma enorme massa de dados.
huanglongmon|Terra|Dragão sagrado de escala monumental, ligado à estabilidade do mundo e à terra.
fenriloogamon|Fogo|Fera sombria que transforma chamas em uma expressão de seus instintos ferozes.
frosvelgrmon|Gelo|Ave gigante das montanhas nevadas, associada ao julgamento de viajantes perdidos no frio.
fujinmon|Vento|Máquina de combate ágil que explora movimentos leves e lâminas em confrontos próximos.
gaioumon|Metal|Guerreiro dracônico que aperfeiçoou sua força em batalhas e domina o combate com espadas.
ragnamon|Metal|Gigante que incorporou dados de satélites e dispõe de armas para atacar a grandes distâncias.
dukemon|Luz|Cavaleiro de lança e escudo que equilibra uma natureza perigosa com um ideal protetor.
gankoomon|Fogo|Gankoomon: Cavaleiro de grande poder, que combina proteção e técnica em confrontos decisivos. O calor e as chamas orientam sua afinidade no Bonds.
deathmon|Escuridão|Antigo anjo que mantém uma postura vigilante a partir das regiões sombrias do mundo digital.
deathmon-black|Escuridão|Guardião sombrio de aparência negra, ligado ao poder destrutivo de uma origem angelical corrompida.
gigaseadramon|Água|Dragão marinho mecanizado que combina velocidade subaquática e armamento de interceptação.
goddramon|Luz|Dragão celestial que manifesta poder sagrado e uma presença protetora.
gracenovamon|Luz|Divindade de escala cósmica que une forças celestes em uma existência radiante.
granddracumon|Escuridão|Soberano dos vampiros digitais, estabelecido em um domínio sombrio e cercado por mistérios.
grankuwagamon|Escuridão|Predador inseto das florestas profundas que caça principalmente durante a noite.
grandiskuwagamon|Metal|Inseto guerreiro de armadura reforçada, surgido entre os mais poderosos predadores de sua linhagem.
greyknightsmon|Metal|Cavaleiro dracônico que utiliza uma lança perfurante para romper defesas resistentes.
grandlocomon|Metal|Máquina ferroviária que ultrapassa os limites de velocidade em sua busca por movimento constante.
griffomon|Vento|Fera alada de natureza híbrida que domina os céus e habita regiões elevadas ou desérticas.
gulfmon|Escuridão|Fera colossal dos abismos, com uma boca capaz de engolir tudo em seu caminho.
gundramon|Metal|Dragão mecânico coberto por armas de fogo, preparado para confrontos de intensa artilharia.
habakirimon|Metal|Divindade de quatro braços associada a antigas tradições de combate com espadas.
heavyleomon|Metal|Combatente leonino de estrutura pesada que transforma sua massa em força de impacto.
heavymetaldramon|Escuridão|Dragão maligno que canaliza sua natureza agressiva por meio de uma presença sonora e ameaçadora.
heraklekabuterimon|Elétrico|Inseto de carapaça poderosa que reúne força física e descargas elétricas.
hexeblaumon|Gelo|Cavaleiro mágico que molda gelo em armas e defesas para o combate.
hiandromon|Metal|Ciborgue avançado que combina autonomia e um corpo preparado para operações de combate.
hydramon|Madeira|Planta monstruosa de múltiplas cabeças que transforma crescimento em ameaça.
invisimon|Metal|Unidade mecanizada que utiliza ocultação para abordar seus alvos sem ser percebida.
jesmon|Luz|Cavaleiro veloz que combina lâminas e aliados auxiliares para responder ao perigo.
jijimon|Neutro|Ancião que carrega a experiência de muitas eras e orienta outros seres digitais.
jougamon|Luz|Figura divina de natureza lunar, com uma presença elegante e poderes ligados ao céu noturno.
jumbogamemon|Água|Quelônio mecanizado que utiliza seu casco e armamento em operações aquáticas.
junomon|Escuridão|Divindade de postura vigilante, cuja devoção se expressa em ações severas contra seus adversários.
jupitermon|Elétrico|Divindade dos trovões que impõe sua autoridade com descargas elétricas.
justimon|Metal|Herói mecanizado que utiliza um braço de combate especializado para enfrentar ameaças.
kaguyamon|Luz|Figura de aspecto cerimonial inspirada em uma princesa lunar, ligada a mistérios do céu.
kazuchimon|Elétrico|Guerreiro divino que concentra a força dos trovões em investidas rápidas e golpes potentes.
sleipmon|Gelo|Cavaleiro de múltiplas pernas, preparado para agir em ambientes gelados e adversos.
kingchessmon|Neutro|Rei de aparência teatral que prefere recorrer a aliados e estratégias para sobreviver ao confronto.
kingetemon|Neutro|Artista que se apresenta como soberano e transforma sua ambição em exibições de poder.
kingwhamon|Água|Habitante marinho colossal que combina o porte de uma baleia e a resistência de um grande predador.
kuzuhamon|Escuridão|Figura espiritual que recorre a rituais e artifícios para conduzir o combate.
lampmon|Neutro|Feiticeiro ligado a uma lâmpada mágica, capaz de manifestar poderes e ilusões incomuns.
duftmon|Metal|Cavaleiro estrategista que combina esgrima e capacidade de coordenar outros combatentes.
leviamon|Água|Monstro aquático colossal que domina as águas com força e voracidade.
lilithmon|Escuridão|Figura demoníaca que usa sedução e influência para enfraquecer seus oponentes.
lordknightmon|Metal|Cavaleiro de aparência refinada, cuja habilidade com lâminas acompanha uma disciplina rigorosa.
lotusmon|Madeira|Fada das flores que explora a tranquilidade e os poderes de sua natureza vegetal.
lovelyangemon|Luz|Combatente angelical que expressa sua força protetora por meio de golpes físicos e energia sagrada.
mugendramon|Metal|Dragão inteiramente mecânico, equipado para causar destruição com armamento pesado.
magnakidmon|Fogo|Pistoleiro dracônico que converte sua precisão e mobilidade em disparos incendiários.
holydramon|Luz|Dragão sagrado de aparência felina que irradia proteção e energia purificadora.
magneticdramon|Terra|Dragão rochoso que utiliza magnetismo e minerais para sustentar sua força.
belialvamdemon|Escuridão|Soberano vampírico que reúne malícia, armamento orgânico e ambição de domínio.
marinangemon|Água|Pequeno ser marinho que prioriza auxílio e harmonia em vez de força bruta.
marsmon|Fogo|Divindade guerreira que combina técnicas marciais e uma natureza ardente.
mastemon|Luz|Anjo que reúne forças opostas e intervém sobre o equilíbrio entre luz e sombra.
medievaldukemon|Luz|Guerreiro de um mundo digital distinto, dedicado a enfrentar ameaças com sua arma sagrada.
medusamon|Neutro|Guerreiro dracônico de natureza reptiliana, com recursos que tornam a aproximação perigosa.
saintgalgomon|Metal|Combatente mecanizado de grande porte, com um arsenal distribuído por sua armadura.
megidramon|Fogo|Dragão maligno de natureza incendiária, cuja presença ameaça consumir tudo ao redor.
mercurymon|Neutro|Divindade veloz que percorre grandes distâncias e enfrenta adversários com reflexos excepcionais.
mervamon|Metal|Guerreira divina que combina uma lâmina imponente e a força de seu companheiro serpentino.
metaletemon|Metal|Combatente de corpo metálico que reúne resistência e a extravagância de um artista.
metalgarurumon|Gelo|Lobo mecanizado que combina mobilidade, armamento e ataques de natureza glacial.
metalgarurumon_black|Metal|Lobo mecanizado de coloração negra, equipado para superar adversários com seu arsenal.
metalpiranimon|Água|Predador aquático de corpo reforçado que transforma suas mandíbulas em uma arma ameaçadora.
metalseadramon|Água|Serpente marinha de corpo metálico, adaptada à velocidade e ao combate subaquático.
metallicdramon|Vento|Dragão dos céus que patrulha grandes alturas com uma estrutura de aparência metálica.
metatromon|Metal|Gigante mecânico de aparência angelical que utiliza ondas magnéticas e armas autônomas, sem possuir poderes sagrados.
millenniumon|Escuridão|Existência composta que distorce os limites de espaço e tempo com seu poder.
minervamon|Metal|Pequena guerreira divina que utiliza uma espada desproporcional ao tamanho do próprio corpo.
miragegaogamon|Metal|Guerreiro lupino de armadura metálica, especializado em investidas rápidas e precisas.
mitamamon|Luz|Fera sagrada associada a forças espirituais, cuja aparência reúne delicadeza e autoridade.
moonmillenniumon|Escuridão|Poder sombrio condensado em uma estrutura cristalina, capaz de ameaçar a estabilidade dos dados.
murmukusmon|Escuridão|Antigo anjo transformado em senhor demoníaco, movido pela corrupção e pelo ressentimento.
necromon|Escuridão|Ser espectral que manifesta os temores associados à morte e aos dados perdidos.
neovamdemon|Escuridão|Vampiro digital que amplia sua ameaça com um corpo evoluído e poderes sombrios.
neptunemon|Água|Divindade dos mares que conduz o combate aquático com autoridade e seu tridente.
nezhamon|Fogo|Guerreiro mecanizado inspirado em lendas, que combina armamento e mobilidade incendiária.
nidhoggmon|Escuridão|Dragão que absorve energia em excesso e ameaça o ambiente com seu corpo em colapso térmico.
noblepumpmon|Madeira|Figura de abóbora de postura cordial, dedicada a aproximar outros Digimon e provocar sorrisos.
nosferamon|Escuridão|Ser que desafia o ciclo da morte digital e preserva sua existência além das regras comuns.
nyabootmon|Neutro|Gato de aparência cavaleiresca que percorre o mundo com uma postura galante e teatral.
ogudomon|Escuridão|Entidade de múltiplos olhos e pernas que concentra os excessos e as culpas do mundo digital.
olegmon|Água|Líder pirata de armadura pesada que conduz criaturas marinhas em expedições de conquista.
omegamon|Luz|Cavaleiro que reúne espada e canhão em uma presença protetora de grande poder.
omegamon_zwart|Metal|Cavaleiro de armadura negra que combina lâmina e canhão em um único corpo.
ofanimon|Luz|Anjo de posição elevada, dedicado à orientação e à proteção por meio da luz.
ordinemon|Escuridão|Anjo de asas negras monumentais, associado ao caos e à perda da ordem digital.
ornismon|Vento|Ave ancestral gigantesca cuja ferocidade impõe domínio sobre os céus.
ouryumon|Luz|Dragão guerreiro que reúne tradição marcial e uma presença sagrada.
parallelmon|Escuridão|Viajante entre dimensões que surge de maneira imprevisível para devorar dados.
parasimon|Escuridão|Parasita que depende de outros corpos e se torna perigoso ao reunir muitos indivíduos.
pharaohmon|Escuridão|Soberano de aparência funerária que impõe autoridade por meio de poderes antigos.
hououmon|Fogo|Ave sagrada de natureza flamejante, associada à renovação e à vida.
piemon|Escuridão|Ilusionista de aparência circense que esconde perigo por trás de truques e lâminas.
pilevolcamon|Fogo|Lutador vulcânico que reúne pressão interna e técnicas físicas de grande impacto.
platinumnumemon|Metal|Mutante que incorporou metais preciosos e passou a exibir uma aparência luxuosa.
plesiomon|Água|Criatura aquática rara, associada a aparições envoltas em névoa e a mistérios dos lagos.
plutomon|Escuridão|Caçador dos culpados que impõe um julgamento severo a partir do reino dos mortos.
princemamemon|Neutro|Pequeno pretendente à realeza que adotou símbolos de riqueza e uma aparência cerimonial.
proximamon|Neutro|Existência misteriosa que reúne forças de criação e destruição em um mesmo corpo.
pukumon|Água|Pequeno combatente marinho de postura rebelde, que utiliza seu corpo espinhoso para provocar adversários.
pinochimon|Madeira|Marionete de madeira que usa artifícios e força para controlar o confronto.
pyramidimon|Terra|Gigante formado por dados de ruínas antigas, cercado por areia e tempestades do deserto.
quantumon|Neutro|Observadora de uma cidade aérea que utiliza grandes volumes de dados para antecipar acontecimentos.
quartzmon|Escuridão|Entidade colossal que absorve dados e os converte em energia para ampliar seu domínio.
queenbeemon|Metal|Rainha mecanizada que utiliza conhecimento técnico para ampliar e proteger sua base.
queenchessmon|Metal|Guardiã de um rei digital, especializada em ataques poderosos a grandes distâncias.
rafflesimon|Madeira|Fada floral de beleza rara, cuja presença combina encanto e um odor intenso.
ragnaloardmon|Metal|Guerreiro que reúne o poder de uma espada e de um escudo lendários.
raguelmon|Luz|Vigilante dos anjos que intervém de forma severa ao perceber sinais de corrupção.
raidenmon|Elétrico|Máquina pesada que utiliza armas eletromagnéticas para dominar confrontos a distância.
raijinmon|Elétrico|Ciborgue dos trovões que concentra eletricidade nos braços para golpes próximos.
rasenmon|Neutro|Fera guerreira que aprendeu a controlar seus impulsos e transformá-los em força consciente.
rasielmon|Luz|Anjo de grande percepção que observa os acontecimentos do mundo digital a partir de um domínio elevado.
ravmon|Vento|Combatente de asas metálicas que explora velocidade e mobilidade aérea.
gokumon|Metal|Caçador de recompensas mecanizado que persegue outros fugitivos apesar de carregar o próprio passado criminoso.
regalecusmon|Água|Pirata das profundezas que prefere agir sozinho e invade territórios de outras criaturas marinhas.
rosemon|Madeira|Fada das rosas que transforma beleza e espinhos em recursos de combate.
rusttyranomon|Metal|Dinossauro mecanizado de armadura envelhecida e poder de fogo pesado.
ryugumon|Água|Habitante de um palácio subaquático, com um corpo translúcido de brilho delicado.
saberleomon|Neutro|Fera leonina de presas enormes, dedicada à velocidade e à caça.
sakuyamon|Luz|Figura espiritual que utiliza rituais e auxiliares para proteger e purificar.
seitengokuwmon|Luz|Guerreiro que alcançou um novo poder após uma longa busca por ensinamentos e autoconhecimento.
seraphimon|Luz|Anjo de armadura celestial que concentra energia sagrada em sua atuação protetora.
shagaramon|Água|Dragão sagrado de um palácio marinho, capaz de conduzir correntes e criar passagens entre águas distantes.
shakamon|Luz|Guia espiritual de grande autoridade que propõe desafios para promover o crescimento de outros seres.
shinmonzaemon|Neutro|Criatura de aparência acolhedora cujo corpo maleável incorporou dados de pesadelos.
shinegreymon|Fogo|Dragão guerreiro que converte energia luminosa em chamas de grande intensidade.
shivamon|Madeira|Inseto meditativo que busca equilíbrio e disciplina para orientar outros Digimon.
shroudmon|Escuridão|Guerreiro que ultrapassou seus limites em batalhas e perdeu a razão em meio ao próprio poder.
siriusmon|Luz|Dragão radiante que enfrenta ameaças com armamento e energia luminosa.
skadimon|Gelo|Pequena fada que governa uma região nevada usando um grande corpo de gelo como proteção.
skullmammon|Escuridão|Esqueleto de uma fera ancestral que continua combatendo mesmo após a corrupção de seu corpo.
slashangemon|Metal|Anjo guerreiro de corpo cortante, preparado para romper a linha de frente com lâminas e asas metálicas.
slayerdramon|Metal|Espadachim dracônico de armadura resistente que aperfeiçoou sua técnica após grandes provações.
spinomon|Terra|Dinossauro das selvas profundas que combina porte colossal e agressividade territorial.
styracomon|Metal|Combatente pesado que utiliza armadura e um campo de energia para resistir a ataques.
suijinmon|Água|Máquina de combate que reúne braços especializados e armamento pesado sob a afinidade das águas.
surfimon|Água|Combatente aquático modificado para se mover com velocidade tanto dentro quanto fora da água.
susanoomon|Elétrico|Divindade guerreira que reúne forças naturais e manifesta o poder das tempestades.
tactimon|Metal|General espadachim que mantém o poder devastador de sua arma sob rigoroso controle.
takutoumon|Luz|Guerreiro divino de convicções rígidas, que utiliza sua lâmina para impor o que considera justo.
taotiemon|Escuridão|Pequeno demônio de aparência inocente que esconde crueldade em suas brincadeiras.
taowumon|Gelo|Fera semelhante a um javali, envolta em ar frio e equipada com presas de aspecto lenhoso.
tengumon|Vento|Mestre das montanhas que treina guerreiros alados e conduz seu grupo com experiência.
tigervespamon|Metal|Soldado inseto mecanizado que protege uma base aérea com velocidade e armas especializadas.
titamon|Escuridão|Guerreiro colossal alimentado por ressentimento, cuja força transforma cada investida em uma ameaça.
tlalocmon|Elétrico|Guardião da natureza que conduz chuva e trovões para restaurar terras ou punir sua destruição.
tonosamamamemon|Neutro|Pequeno senhor de aparência histórica, cuja postura alegre contrasta com seu equipamento de combate.
tyrantkabuterimon|Escuridão|Soberano dos insetos que atua à noite e conduz outros seres a partir das florestas profundas.
ulforcevdramon|Vento|Cavaleiro dracônico reconhecido pela velocidade extraordinária de suas investidas.
ultimatebrakimon|Metal|Gigante terrestre mecanizado que usa propulsores para sustentar e mover seu corpo pesado.
valkyrimon|Vento|Guerreiro alado acompanhado por uma ave que o alerta sobre perigos próximos.
valdurmon|Luz|Ave sagrada de seis asas que habita grandes altitudes e protege os céus com energia luminosa.
venomvamdemon|Escuridão|Monstro vampírico que abandonou a contenção e passou a agir como uma fera destrutiva.
venusmon|Luz|Divindade compassiva cuja presença promove renovação e florescimento mesmo em regiões desoladas.
victorygreymon|Metal|Guerreiro dracônico de armadura metálica que conduz o duelo com uma espada gigantesca.
vikemon|Gelo|Guerreiro marinho de aspecto robusto, habituado ao frio e às águas geladas.
volcanicdramon|Fogo|Dragão vulcânico que transforma calor subterrâneo em erupções e chamas.
vortexdramon|Vento|Dragão alado cujo corpo reúne a energia de ventos turbulentos e investidas velozes.
vulcanusmon|Fogo|Ferreiro divino que utiliza calor e habilidade artesanal para produzir armas extraordinárias.
wargreymon|Metal|Guerreiro dracônico de armadura metálica que combina garras poderosas e energia solar.
xiangpengmon|Vento|Ave sagrada gigantesca que desperta quando o equilíbrio de seu ambiente é ameaçado.
yihumon|Vento|Fera guerreira de corpo felino e asas poderosas, capaz de conduzir o vento com astúcia.
zanbamon|Metal|General de aparência montada que avança à frente de seus seguidores com armas imponentes.
zdgarurumon|Metal|Lobo mecanizado que integra artilharia de longo alcance ao seu corpo metálico.
zeedmillenniumon|Escuridão|Entidade destrutiva que atravessa espaço e tempo, ameaçando diferentes mundos e eras.
zekegreymon|Metal|Guerreiro dracônico revestido por uma armadura dourada de alta resistência.
zephagamon|Vento|Cavaleiro dos ventos que utiliza mobilidade e correntes de ar para conduzir o duelo.
zhuqiaomon|Fogo|Ave sagrada de temperamento intenso, associada às chamas e à defesa de seu domínio.
zombieplutomon|Escuridão|Corpo que continua em movimento após a perda das funções de seu núcleo e de sua vontade.
