earov-dramon|Vento|Dragão sagrado que desenvolveu asas e amplia a força de Veedramon através da mobilidade aérea.
ajatarmon|Madeira|Vegetal de grupos tribais, vive nas selvas e defende os costumes de sua comunidade.
andromon|Metal|Protótipo ciborgue humanoide que combina um corpo resistente com armamento integrado.
angewomon|Luz|Anjo de elevada hierarquia que enfrenta ameaças sombrias com poderes sagrados.
andiramon_2|Luz|Besta sagrada de forma leporina que controla a energia espiritual circulando em seu corpo.
andiramon|Luz|Deva de aparência de coelho e natureza gentil, associado à proteção de Azulongmon.
algomon-ultimate|Escuridão|Mutante de processamento acelerado que usa numerosos cipós como tentáculos para controlar grandes áreas.
arkhaiangemon|Luz|Anjo de hierarquia Principado, dedica seus poderes ao cuidado e à proteção de outros Digimon.
archnemon|Escuridão|Rainha aracnídea de grande astúcia que exerce influência sobre Dokugumon e outros insetoides.
assaultmon|Metal|Combatente de corpo quadrúpede e torso humanoide, equipado com proteção e armamento pesado.
astamon|Escuridão|Feiticeiro nobre do Dark Area, reúne autoridade demoníaca e grande poder de combate.
asuramon|Fogo|Guerreiro de quatro braços e três faces, manifesta sua força através de técnicas ardentes.
atlurballistamon|Metal|Máquina de estrutura ampliada e armadura eletromagnética, reforça a defesa de Ballistamon.
azhdarmon|Gelo|Pterossauro predador de montanhas frias, equipado com três grandes lâminas naturais.
baalmon|Escuridão|Feiticeiro de conhecimentos extensos, guarda segredos e técnicas de natureza mística.
bastemon|Escuridão|Guerreira felina de personalidade astuta que combina joias, encanto e técnicas traiçoeiras.
bearcatmon|Terra|Lutador de grandes punhos e patins, une movimentação rápida com golpes físicos vigorosos.
betsumon|Neutro|Marionete excêntrica que imita outros Digimon para confundir seus adversários.
bigmamemon|Metal|Mutante de pequeno corpo e grande poder explosivo, atua como líder entre os Mamemon.
bishopchessmon|Metal|Peça guerreira de aparência enxadrística, domina ataques de longa distância.
blackkingnumemon|Neutro|Numemon de corpo negro que conquistou sua posição entre os dados descartados.
blackmachgaogamon|Metal|Ciborgue de propulsão poderosa cuja estrutura escura favorece ataques rápidos e diretos.
blackrapidmon|Metal|Variante de Rapidmon adaptada ao combate noturno, com maior proteção e menor velocidade.
blackmegalogrowmon|Metal|Dragão ciborgue de natureza viral, reforça a ferocidade de BlackGrowlmon com armamento pesado.
blossomon|Madeira|Flor gigante de numerosos tentáculos, utiliza estruturas vegetais para alcançar seus oponentes.
bluemeramon|Fogo|Criatura de chamas azuis intensas, possui fogo capaz de produzir efeitos extremos de temperatura.
bombermon|Fogo|Mutante fascinado por explosões, transforma detonações em sua principal forma de combate.
boutmon|Elétrico|Artista marcial de postura respeitosa, combina dados de diferentes esportes de luta com energia elétrica.
brachiomon|Terra|Dinossauro de grande porte que usa seu peso para esmagar obstáculos e ameaças.
valvemon|Metal|Veículo mecânico de enormes dimensões, transporta outros Digimon dentro de seu corpo.
butenmon|Metal|Divindade de armadura rubra e grande espada, desenvolveu sua técnica através de incontáveis batalhas.
canoweissmon|Fogo|Dragão celeste de grandes asas brancas, canaliza a intensidade de suas chamas em combates honrados.
captainhookmon|Água|Capitão de navio experiente que navega pelo Mundo Digital e domina técnicas de sobrevivência.
cargodramon|Metal|Aeronave da D-Brigade destinada a levar tropas e equipamentos ao campo de batalha.
catchmamemon|Metal|Mutante ligado a dados de organização de arquivos, recolhe e administra recursos com determinação.
caturamon|Luz|Deva de aparência canina, observa e orienta os subordinados de Baihumon.
cerberumon|Escuridão|Besta de garras extremamente duras, protege seu território com ferocidade e técnicas sombrias.
chaperomon|Madeira|Marionete de dados de contos de fadas, reúne aparência humana e recursos ligados à floresta.
jyureimon|Madeira|Senhor das florestas profundas, utiliza inteligência e poder vegetal para dominar seu ambiente.
tyilinmon|Luz|Besta sagrada ancestral de grande poder, combina força e uma natureza protetora.
chohakkaimon|Terra|Figura de traje suíno que perdeu sua antiga condição angelical e luta através de golpes físicos.
climbmon|Terra|Inseto escalador equipado com picaretas, domina penhascos e terrenos rochosos.
crescemon|Escuridão|Feiticeiro de afinidade lunar, enfrenta seus adversários com movimentos fluidos e elegantes.
yatagaramon_axcel|Luz|Ave mística de três pernas, possui uma ligação espiritual que contrasta com sua plumagem escura.
cryspaledramon|Gelo|Guerreiro dracônico que desenvolveu a estrutura gelada de Paledramon em proteção e armas.
cyberdramon|Metal|Dragão ciborgue de armadura especial, procura ameaças virais e as enfrenta com agressividade.
darkknightmon|Metal|Cavaleiro sombrio que combina a astúcia de SkullKnightmon com a força de DeadlyAxemon.
darksuperstarmon|Escuridão|Guerreiro estelar nascido de dados de buracos negros, marcado por uma presença obscura.
darumamon|Terra|Mutante de traje semelhante a um daruma, usa sua forma arredondada para desviar ataques.
nanomon|Metal|Pequena máquina de reparo que teve seus circuitos alterados, empregando recursos tecnológicos em combate.
delumon|Madeira|Ave terrestre de características vegetais, reconhecível pela vegetação que cresce em suas costas.
destromon|Metal|Gigante artificial que incorporou dados de navios de guerra e carrega outros Digimon para a batalha.
digitamamon|Neutro|Criatura envolta em uma estrutura semelhante a um DigiOvo, guarda um poder difícil de interpretar.
dinobeemon|Vento|Quimera dracônica e insetoide que combina voo, agilidade e instintos ferozes de caça.
divemon|Água|Nadador inspirado em técnicas de atletas, transita entre água e terra com grande destreza.
hangyomon|Água|Mergulhador de natureza alegre, vive no Net Ocean e combate com equipamentos aquáticos.
doumon|Escuridão|Feiticeiro taoista que emprega talismãs, maldições e técnicas espirituais.
dagomon|Escuridão|Figura abissal de natureza obscura, habita regiões marinhas profundas e corrompe dados náuticos.
duramon|Metal|Integrante das Legend-Arms, reforça sua determinação através de um corpo com propriedades de espada.
enbarrmon|Água|Corcel morto-vivo que percorre mares, céus e solo sem perder sua agressividade.
entmon|Madeira|Vegetal formado por troncos ressecados e entrelaçados, carrega fungos em partes de seu corpo.
eosmon_lv5|Neutro|Forma artificial de Eosmon que ampliou seus painéis e recursos ao enfrentar obstáculos em sua missão.
etemon|Neutro|Marionete de comportamento exibido, utiliza música e técnicas peculiares para impor sua presença.
ex-tyranomon|Neutro|Criatura misteriosa protegida por um traje de pelúcia com a aparência de Tyrannomon.
phelesmon|Escuridão|Anjo sombrio de aparência aristocrática que oferece desejos em troca de almas.
flaremon|Fogo|Guerreiro leonino de grande presença, transforma sua determinação em ataques ardentes.
footmon|Luz|Ciborgue esportista que pratica diferentes modalidades utilizando uma bola luminosa.
frozomon|Gelo|Máquina de regiões nevadas que abre caminho através de gelo e tempestades de neve.
fumamon|Vento|Assassino ciborgue especializado em técnicas ninja, movimenta-se com precisão e rapidez.
gerbemon|Terra|Mutante originado de uma lixeira digital, utiliza dados descartados como recursos de combate.
garudamon|Vento|Guerreiro alado de grandes garras, valoriza a justiça e a proteção da natureza.
ghilliedhumon|Madeira|Caçador florestal de camuflagem eficiente, observa e persegue presas sem revelar sua presença.
gigadramon|Metal|Dragão de combate totalmente blindado, desenvolvido para ataques tecnológicos de grande destruição.
giromon|Metal|Sentinela flutuante de redes, patrulha sistemas para impedir entradas não autorizadas.
gogmamon|Terra|Gigante de minério que vive isolado em cavernas, sustentado pela resistência de seu corpo mineral.
gokuwmon|Fogo|Guerreiro nascido de dados do magma, busca força através de recursos extraídos de diferentes fontes.
grandgalemon|Vento|Dragão-ave de grande porte, protege regiões florestais com asas e armadura de revestimento mágico.
grappuleomon|Metal|Artista marcial que emprega turbinas e dados de jogos de luta para ampliar seus golpes.
gravimon|Terra|Estrategista capaz de manipular a gravidade e reorganizar o campo de batalha.
greatgryzmon|Terra|Guerreiro de espírito performático que transforma suas lutas em demonstrações de força e técnica.
groundramon|Terra|Dragão subterrâneo de braços enormes, escava caminhos e enfrenta inimigos com força pesada.
gusokumon|Água|Crustáceo de longa vida que habita as zonas escuras das profundezas oceânicas.
gyukimon|Escuridão|Besta que reúne traços de touro e aranha, persegue suas vítimas de forma obstinada.
heliosboamon|Luz|Réptil de escamas claras que reage à luz solar e a utiliza para fortalecer suas técnicas.
helloogarmon|Escuridão|Besta inundada por magia obscura, manifesta os dados de um lobo mítico em estado caótico.
hippogriffomon|Vento|Besta mítica de forma quimérica, desloca-se pelo céu com a força de suas asas.
hisyaryumon|Metal|Dragão de armadura escamada que voa livremente, preservando dados de protótipos antigos.
huankunmon|Água|Gigante aquático de escamas resistentes, protege águas limpas e os habitantes de seus lagos.
panjyamon|Gelo|Guerreiro leonino de espírito justo, adaptou seu treinamento e seu corpo a ambientes gelados.
indaramon|Luz|Deva de aparência equina e postura orgulhosa, serve a Zhuqiaomon com poderes sagrados.
infermon|Escuridão|Forma anômala semelhante a uma aranha, reúne mobilidade e um grande potencial de destruição de dados.
yaegerdorurumon|Terra|Guerreiro de duas pernas que combina uma lança de broca com um escudo cortante.
jyagamon|Terra|Vegetal semelhante a uma batata que se esconde de ameaças e possui grande resistência.
jazarichmon|Metal|Dragão mecânico de combate aéreo, especializado em perseguições na velocidade do som.
jewelbeemon|Metal|Inseto de armadura iridescente que utiliza brilho e lâminas para enfrentar adversários.
jokermon|Escuridão|Feiticeiro imprevisível que surge no campo de batalha para executar ataques decisivos.
karakurumon|Metal|Marionete baseada em bonecas mecânicas tradicionais, esconde mecanismos sob uma figura elegante.
karatenmon|Vento|Asceta de aparência de corvo, domina técnicas místicas através de disciplina e treinamento.
chimairamon|Neutro|Criatura composta de partes de diferentes Digimon, reúne recursos de múltiplas espécies em um único corpo.
greatkingscumon|Terra|Governante dos Sukamon que vive entre dados descartados e possui uma inteligência incomum para sua espécie.
knightmon|Metal|Cavaleiro de armadura pesada de Chrondigizoid, maneja sua espada apesar do enorme peso de sua proteção.
kumbhiramon|Luz|Deva semelhante a um roedor, emprega sabedoria e poderes sagrados a serviço de Ebonwumon.
kyukimon|Vento|Besta mística de pelos cortantes, desloca-se rapidamente como um espírito das correntes de ar.
ladydevimon|Escuridão|Anjo sombrio de presença nobre, canaliza grande poder obscuro em suas técnicas.
lamiamon|Escuridão|Guerreira dracônica de aparência elegante, produz venenos de diferentes efeitos para subjugar alvos.
lamortmon|Vento|Besta de instintos liberados que combate com grande agressividade e movimentos repentinos.
lavogaritamon|Fogo|Dragão de grande corpo e asas vigorosas, reúne força física e poder associado à lava.
lilamon|Madeira|Figura feérica semelhante a uma flor de lilás, esconde técnicas perigosas sob sua aparência delicada.
lilimon|Madeira|Fada nascida de pétalas que combina leveza e ataques alimentados por dados vegetais.
loaderleomon|Metal|Máquina inspirada em um leão e em equipamentos de construção, emprega ferramentas pesadas em combate.
locomon|Metal|Locomotiva viva destinada a transportar dados entre redes e regiões do Mundo Digital.
loudmon|Metal|Ciborgue formado de equipamentos musicais e rock intenso, equipado com recursos sonoros de combate.
luminamon|Luz|Figura feérica que fortalece a esperança e se aproxima de humanos e Digimon de coração puro.
machgaogamon|Metal|Guerreiro ciborgue de propulsão poderosa que alterna aproximações rápidas e ataques de retirada.
holyangemon|Luz|Anjo de oito asas que protege a ordem do Mundo Digital através de técnicas sagradas.
majiramon|Luz|Deva dracônico ligado a Azulongmon, utiliza recursos sagrados em suas funções de proteção.
makuramon|Luz|Deva que serve a Baihumon, observa os outros através de um comportamento atento e peculiar.
mamemon|Metal|Mutante pequeno de grande poder destrutivo, desenvolveu suas capacidades em ambientes hostis.
mametyramon|Terra|Mutante que comprime dados de Tyrannomon em um corpo pequeno e surpreendentemente poderoso.
mammon|Gelo|Mamute ancestral preservado em dados congelados, retornou após mudanças de temperatura do Mundo Digital.
maneuvermon|Vento|Besta de forma semelhante a um caça, favorece manobras aéreas e deslocamentos rápidos.
manticoremon|Escuridão|Predador de natureza sombria que concentra sua caça nos DigiCores de Digimon virais.
marinbullmon|Água|Molusco de corpo revestido por uma película, convive com outras espécies aquáticas.
marinchimairamon|Água|Quimera composta de partes de habitantes aquáticos, reúne características de diferentes criaturas marinhas.
marindevimon|Escuridão|Demônio dos abismos que vive em fossas isoladas e emprega técnicas traiçoeiras.
masterblimpmon|Metal|Dirigível aprimorado que ganhou estabilidade e recursos após a evolução de Blimpmon.
mastertyranomon|Fogo|Dinossauro veterano marcado por muitas batalhas, aperfeiçoou a força e os ataques de sua linhagem.
matadrmon|Escuridão|Artista marcial vampírico que combina dança e golpes em um estilo incomum de combate.
meicrackmon|Neutro|Guerreiro felino de natureza reservada que prefere agir sozinho e evitar conflitos.
atlurkabuterimon-blue|Elétrico|Inseto de porte ampliado que reforça a carapaça e a capacidade ofensiva de Kabuterimon.
atlurkabuterimon|Elétrico|Variante rubra de Kabuterimon evoluído, combina corpo robusto e ataques de descarga.
megaseadramon|Água|Serpente marinha desenvolvida pela sobrevivência em águas hostis, com força e resistência ampliadas.
megadramon|Metal|Dragão ciborgue criado artificialmente, reúne armamento pesado e uma natureza viral destrutiva.
mephismon|Escuridão|Anjo sombrio de aparência caprina, nasceu de dados conceituais associados à destruição.
mermaimon|Água|Habitante de mares frios com aparência de sereia, utiliza sua voz em técnicas aquáticas.
metalgreymon-v|Metal|Dinossauro ciborgue que combina a força de Greymon com estruturas mecânicas e mísseis.
metalgreymon-web|Metal|Variante viral de MetalGreymon, sobreviveu a inúmeros confrontos através de modificações mecânicas.
metalmamemon|Metal|Ciborgue compacto que reforçou o poder de Mamemon com armamento e componentes tecnológicos.
metalfantomon|Metal|Ceifador mecanizado cuja estrutura funciona com energia de outro Mundo Digital.
metaltyranomon|Metal|Dinossauro remodelado para operações de combate, equipado com recursos mecânicos de grande poder.
metallifekuwagamon|Metal|Inseto de corpo humanoide armado, desenvolveu ferramentas de combate próximas e cortantes.
insekimon|Terra|Criatura mineral que despertou dados de meteorito escondidos na estrutura de Gotsumon.
mihiramon|Luz|Deva de aparência de tigre e temperamento impetuoso, serve a Azulongmon com poderes sagrados.
mistymon|Fogo|Guerreiro mágico de Witchelny que combina espada e programação mística em suas técnicas.
mockingbirdmon|Metal|Máquina alada de aparência graciosa, reúne dados de aves com mecanismos de voo.
monarchlizamon|Metal|Ciborgue de assalto equipado com grandes propulsores, atravessa o campo de batalha com mobilidade.
monzaemon|Luz|Urso de pelúcia misterioso, esconde recursos de grande poder sob sua aparência acolhedora.
mummymon|Escuridão|Morto-vivo coberto por faixas, controla espíritos e dados residuais em seus ataques.
murasamemon|Metal|Espadachim de uma tradição antiga do Oriente digital, busca aperfeiçoar sua técnica em terrenos perigosos.
vamdemon|Escuridão|Governante dos mortos-vivos, utiliza artes obscuras e poderes vampíricos para impor sua vontade.
neodevimon|Escuridão|Forma ampliada de Devimon que recebeu modificações externas e perdeu parte de sua autonomia.
oblivimon|Metal|Ciborgue associado a falhas de memória, ameaça a estabilidade dos dados de outros Digimon.
oboromon|Escuridão|Guerreiro espectral de cemitérios que enfrenta até inimigos mais fortes com entusiasmo.
okuwamon|Metal|Inseto de carapaça reforçada que evoluiu a força e a agressividade de Kuwagamon.
oleamon|Madeira|Planta carnívora cuja flor atrai insetoides através de um aroma enganoso.
omegashoutmon|Luz|Guerreiro dracônico cuja evolução foi inspirada por Omnimon, reúne entusiasmo e poder luminoso.
orochimon|Escuridão|Dragão de oito cabeças que confunde adversários com estruturas falsas e uma natureza sombria.
paildramon|Metal|Guerreiro dracônico que combina a força de ExVeemon com a proteção insetoide de Stingmon.
pajiramon|Luz|Deva de aparência ovina e grande poder de intimidação, serve a Zhuqiaomon.
pandamon|Terra|Marionete semelhante a um panda, enfrenta ameaças com uma postura direta e pouco expressiva.
parrotmon|Elétrico|Grande ave vinda de outro Mundo Digital, emprega garras e ataques elétricos.
fantomon|Escuridão|Ceifador espectral de foice e corrente, persegue vítimas através de técnicas de assombração.
piranimon|Água|Predador que atua em grandes cardumes, possui mandíbulas reforçadas para esmagar suas presas.
proganomon|Terra|Tartaruga mineral dos desertos que escava rochas com suas brocas.
pumpmon|Madeira|Marionete de cabeça de abóbora, ligada a dados de festividades e a técnicas vegetais.
raijiludomon|Metal|Defensor de recursos mecânicos ampliados, sacrifica velocidade para ganhar resistência e capacidade de voo.
rapidmon|Metal|Ciborgue de movimentação extremamente rápida, combina precisão e armamento em perseguições.
rareraremon|Escuridão|Morto-vivo de corpo em deterioração, depende de modificações mecânicas cada vez mais instáveis.
rebellimon|Metal|Ciborgue de motor potente que reconstruiu seu corpo usando dados de sucata.
regulusmon|Escuridão|Dragão maligno que procura dominar seus adversários através de raiva, força e medo.
rizegreymon|Metal|Ciborgue de torso mecanizado que combina voo e disparos de grande poder.
rookchessmon|Metal|Marionete de aparência de fortaleza, une mobilidade incomum e uma defesa particularmente sólida.
sagomon|Água|Feiticeiro de comportamento expansivo, vive longe dos céus digitais após ter sido expulso.
sandiramon|Luz|Deva de aparência serpentina e grande astúcia, serve a Zhuqiaomon com técnicas sagradas.
sanzomon|Luz|Monge viajante que busca iluminação através de disciplina, provações e práticas espirituais.
saviorhuckmon|Metal|Guerreiro dracônico moldado por viagens e batalhas, desenvolve lâminas para proteger seus companheiros.
anomalocarimon|Água|Crustáceo ancestral surgido de dados de pesquisa, emprega seu corpo aquático em investidas poderosas.
scourgechiropmon|Metal|Máquina semelhante a um bombardeiro furtivo, utiliza seu corpo escuro para operações aéreas discretas.
shakkoumon|Luz|Mutante de corpo prateado e asas brancas, combina proteção blindada e afinidade angelical.
sharkmon|Metal|Tubarão que incorporou dados de navios de guerra, reúne poder aquático e armamento mecânico.
shawujinmon|Água|Feiticeiro expulso dos céus digitais, conserva uma postura serena e um DigiCore selado em seu colar.
shishimamon|Luz|Besta sagrada capaz de absorver energia sombria e convertê-la em luz.
tonosamagekomon|Água|Anfíbio de chifres musicais que ampliou as técnicas vocais de Gekomon.
shootmon|Metal|Máquina inspirada em esportes com bola, carrega equipamentos para compartilhar e praticar suas modalidades.
silphymon|Vento|Guerreiro de pernas poderosas que combina salto e voo com a sensibilidade de suas espécies de origem.
sinduramon|Luz|Deva de aparência de galo que serve a Baihumon e possui temperamento provocador.
sirenmon|Água|Divindade de traços de ave e peixe, canta tanto nos mares quanto nos céus.
skullbaluchimon|Escuridão|Gigante morto-vivo reconstruído de dados fósseis adulterados, age sem emoções ou discernimento.
skullgreymon|Escuridão|Dinossauro reduzido ao esqueleto, continua lutando através de um instinto destrutivo persistente.
deathmeramon|Fogo|Forma de Meramon envolta em chamas azuis de alta intensidade e grande poder ofensivo.
skullsatamon|Escuridão|Anjo arruinado pela busca de poder, mantém em seu DigiCore uma concentração de energia maligna.
scorpiomon|Terra|Inseto predador dos desertos que ataca de surpresa com sua cauda venenosa.
skullseadramon|Água|Serpente aquática morta-viva que percorre o oceano em busca de outras criaturas.
soloogarmon|Escuridão|Besta que dominou os dados mágicos de um lobo mítico e concentra seu poder em combate.
splashmon|Água|Guerreiro capaz de se liquefazer e assumir aparências diferentes através do movimento entre líquidos.
stiffilmon|Metal|Guerreiro de espinhos endurecidos, utiliza a resistência de sua estrutura para ataques e defesa.
superstarmon|Luz|Guerreiro estelar evoluído que expressa seu poder através de uma apresentação exuberante.
tankdramon|Metal|Máquina de assalto pesado da D-Brigade, preparada para enfrentar numerosos alvos.
taomon|Luz|Feiticeiro taoista que emprega talismãs e instrumentos espirituais para enfrentar ameaças.
tekkamon|Metal|Máquina construída para destruir programas, esconde um olhar hostil sob sua máscara metálica.
tempomon|Vento|Guerreiro alado de dados de música de dança, mantém movimentos rítmicos mesmo durante a luta.
thetismon|Água|Guerreira das fossas oceânicas que usa sua afinidade aquática para restaurar equilíbrio e enfrentar ameaças.
toropiamon|Madeira|Vegetal das selvas profundas que reúne características de frutas e plantas tropicais.
triceramon|Terra|Ceratopsiano de pele resistente, usa chifres e força corporal para romper defesas.
vademon|Neutro|Criatura de aparência extraterrestre, esconde um poder ofensivo extraordinário em sua forma estranha.
vajramon|Luz|Deva de aparência bovina que busca aperfeiçoamento físico e espiritual a serviço de Ebonwumon.
vermillimon|Fogo|Dragão blindado de regiões vulcânicas, protegido por uma pele particularmente dura.
vespamon|Metal|Soldado de elite da Royal Base, combina recursos ciborgues e operações precisas de defesa.
vikaralamon|Terra|Deva de aparência de javali, possui grande massa corporal e observa conflitos antes de agir.
volcamon|Fogo|Ciborgue de corpo vigoroso cujo vulcão dorsal reage à intensidade de suas emoções.
volcdoramon|Fogo|Dragão vulcânico que habita camadas de magma e influencia a atividade dos vulcões.
vulturemon|Vento|Guerreiro alado de olhar preciso, favorece ataques oportunistas em meio a tempestades de poeira.
megalogrowmon|Metal|Dragão ciborgue de grande porte, protegido por supermetal e equipado com armamento pesado.
megalograwmon_orange|Metal|Variante Data de WarGrowlmon que reforçou sua armadura e recursos contra alvos aéreos.
warumonzaemon|Escuridão|Marionete de aparência feroz, utiliza recursos sombrios sob uma estrutura de pelúcia.
waruseadramon|Escuridão|Serpente marinha corrompida que canaliza poder obscuro através do chifre de sua cabeça.
weddinmon|Luz|Figura feérica de vestido de bolo, dedica seus recursos à felicidade e à união de outros Digimon.
weregarrumon|Terra|Guerreiro lupino de duas pernas, troca parte da velocidade de Garurumon por golpes corporais mais fortes.
weregarurumon_black|Terra|Variante viral do guerreiro lupino, compensa sua menor velocidade com ataques físicos vigorosos.
whamon|Água|Gigante das profundezas do Net Ocean, desloca enormes massas de água com seu corpo.
wingdramon|Vento|Dragão celeste de asas desenvolvidas, voa livremente graças às propriedades de suas escamas.
wisemon|Neutro|Feiticeiro envolto em mistério que utiliza um livro como vínculo para atravessar espaço e tempo.
xingtianmon|Terra|Demônio de grande cabeça ligada aos membros, enfrenta combates com entusiasmo e força física.
zamielmon|Madeira|Feiticeiro que lidera forças florestais, aproveita a camuflagem e os recursos da vegetação.
zanmetsumon|Metal|Espadachim de cinco lâminas que percorre o Mundo Digital aperfeiçoando sua técnica.
zudomon|Metal|Besta marinha de corpo robusto e proteção artesanal, maneja um martelo de grande poder.
cannonbeemon|Metal|Ciborgue de grande porte que protege a Royal Base através de artilharia e vigilância aérea.
doruguremon|Metal|Besta dracônica de corpo pesado, concentra seu poder em ataques metálicos de grande impacto.
grademon|Metal|Guerreiro veloz de armadura dourada, rompe linhas inimigas através de suas espadas.
pistmon|Madeira|Vegetal inspirado em dados de ciclismo, move-se sobre estruturas de rodas integradas ao próprio corpo.
picklemon|Luz|Figura feérica que cria efeitos mágicos através de uma linguagem de programação de outra dimensão.
polarbearmon|Gelo|Besta de regiões nevadas que cria ferramentas de gelo e utiliza técnicas de esportes de inverno.
