algomon_lv1|Neutro|Filhote mutante ligado a dados e cálculos, reúne-se onde há atividade digital intensa.
bommon|Fogo|Bebê em forma de bomba, com uma cauda que lembra um pavio aceso.
bombmon-xwars|Fogo|Pequena criatura explosiva de temperamento impaciente.
botamon|Neutro|Recém-nascido de corpo arredondado e pelagem escura, ainda aprendendo a se mover.
chibickmon|Neutro|Filhote sociável e prestativo que aprende imitando seus companheiros.
chicomon|Neutro|Pequeno dragão azul, frágil e curioso, com amplo potencial de evolução.
choromon|Metal|Máquina minúscula que percebe o ambiente por seus olhos vermelhos e se move sem parar.
cocomon|Neutro|Bebê raro nascido em dupla com Zerimon, de corpo macio e expressão tranquila.
cotsucomon|Metal|Filhote protegido por um pequeno chapéu de couro, firme apesar do tamanho.
curimon|Neutro|Criatura gelatinosa com um chifre e uma gola larga ao redor da cabeça.
dodomon|Metal|Bebê de pelos resistentes e comportamento combativo, com pequenas presas.
dokimon|Elétrico|Filhote nascido de dados biológicos humanos, cujo corpo pulsa com vibrações.
fufumon|Vento|Bebê leve que flutua no ar e usa o pequeno chifre para intimidar ameaças.
fukamon|Vento|Nuvem viva de fumaça que se deixa carregar suavemente pelas correntes de ar.
fusamon|Neutro|Filhote de pelo macio, curioso e inquieto, sempre explorando o que está perto.
jyarimon|Fogo|Pequeno dragão de espécie rara, com energia ardente escondida em seu corpo.
keemon|Escuridão|Bebê de olhar severo e disposição irritadiça, com um início de natureza sombria.
kekomon|Neutro|Filhote colorido de corpo flexível, reconhecido pelos três chifres firmes.
ketomon|Luz|Criatura de olhos grandes que percebe a natureza dos Digimon ao seu redor.
kuramon|Escuridão|Bebê misterioso formado por dados hostis, observa o mundo através de um olho enorme.
leafmon|Madeira|Filhote de corpo macio com uma folha na cauda e afinidade com a vida vegetal.
mokumon|Fogo|Bebê envolto em fumaça, com o calor de seu núcleo exposto ao ambiente.
nyokimon|Madeira|Pequena semente digital envolvida por uma película transparente.
bubbmon|Água|Criatura de bolhas verdes, delicada e expressiva, que se desloca com movimentos suaves.
pafumon|Vento|Espírito translúcido de corpo leve que permanece suspenso no ar.
paomon|Neutro|Bebê artificial criado para convivência, de aparência dócil e corpo arredondado.
petitmon|Fogo|Pequeno dragão alado, leve e cheio de energia, com chifres grandes para seu tamanho.
pitchmon|Água|Minúsculo habitante do oceano digital, semelhante a um organismo aquático primitivo.
pipimon|Madeira|Bebê ligado aos frutos de árvores e ao renascimento da esperança.
popomon|Madeira|Filhote semelhante a uma semente, que usa sua cauda de folha para saltar.
poyomon|Água|Bebê translúcido que deriva pelas águas como uma pequena água-viva.
punimon|Neutro|Filhote gelatinoso vermelho com três pontas na cabeça, ainda sem força para combater.
pupumon|Vento|Criatura de bolha leve e asas delicadas, atenta ao ambiente com seus olhos grandes.
pururumon|Água|Bebê rechonchudo de corpo flexível e pequenas nadadeiras.
pusumon|Neutro|Filhote coberto por pelos macios, com uma pequena mecha amarela na testa.
puttimon|Luz|Pequeno anjo recém-nascido, alegre e inocente diante do mundo digital.
puwamon|Vento|Ave bebê de penas suaves e visão aguçada, sempre atenta ao que se aproxima.
puyomon|Água|Criatura macia do oceano digital com um único olho semelhante a uma lente.
pyonmon|Neutro|Filhote tímido de pelo macio e uma grande orelha que o distingue.
relemon|Luz|Bebê misterioso associado ao luar e a pequenos truques de ilusão.
sakumon|Metal|Filhote dourado com uma lâmina na cabeça, antecipando sua natureza de arma.
sunamon|Terra|Bebê de areia territorial, capaz de recompor a forma de seu corpo granular.
tomorimon|Escuridão|Pequeno fantasma flutuante envolvido em um véu gasoso e brilho discreto.
tsubumon|Terra|Filhote com aparência de semente que se desloca saltando pelo chão.
yolkmon|Neutro|Bebê tranquilo que conserva parte da casca do ovo sobre a cabeça.
yukimibotamon|Gelo|Filhote de pelos brancos e macios, adaptado ao frio desde o nascimento.
yuramon|Madeira|Semente digital coberta por penugem, levada pelo vento em busca de abrigo.
zerimon|Neutro|Bebê raro que divide seu ovo com Conomon e possui um único chifre.
zurumon|Neutro|Filhote de corpo gelatinoso e origem incomum, que avança rastejando.
