aegiomon|Luz|Músico de natureza divina, combina traços humanos e caprinos e conduz sua energia através da flauta.
airdramon|Vento|Serpente alada que domina os céus, mobilizando tempestades e correntes de ar em combate.
akatorimon|Terra|Ave terrestre de pernas fortes, compensa a ausência de voo com deslocamentos vigorosos.
allomon_x|Fogo|Dinossauro feroz ligado à coragem, com poder ofensivo concentrado em chamas e investidas.
angemon|Luz|Anjo de seis asas que enfrenta ameaças sombrias com energia sagrada e punhos luminosos.
ankylomon|Terra|Herbívoro blindado que transforma a resistência de sua pele e sua cauda em defesa e impacto.
hanumon|Terra|Guerreiro de pelagem dourada, ágil e poderoso no manejo de seu bastão.
aquilamon|Vento|Grande ave com chifres, patrulha os céus em alta velocidade e avista ameaças distantes.
algomon_lv4|Escuridão|Mutante de processamento acelerado, usa tentáculos robustos para subjugar adversários.
armalizamon|Terra|Réptil que se alimenta de minerais para fortalecer suas escamas e proteger seu território.
arresterdramon|Neutro|Dragão de corpo flexível e armadura elástica, luta com mobilidade e uma cauda versátil.
atamadekachimon|Terra|Dinossauro de cabeça desproporcional, capaz de causar grandes impactos mesmo sem intenção.
baboongamon|Terra|Besta territorial das montanhas, protegida por estruturas rochosas que endurecem seu corpo.
bakemon|Escuridão|Fantasma escondido sob um tecido, assombra sistemas e se manifesta através de dados obscuros.
baristamon|Metal|Máquina de carapaça pesada e temperamento pacífico, usa sua força para proteger aliados.
baluchimon|Luz|Besta sagrada encontrada em ruínas antigas, associada à defesa de fortalezas angelicais.
baohuckmon|Metal|Dragão treinado para o combate, combina disciplina, resistência e golpes de lâminas.
betelgammamon|Fogo|Forma rubra de Gammamon que concentra sua energia ardente em ataques corpo a corpo.
birdramon|Fogo|Ave envolta em chamas que atravessa o céu com asas incendiárias.
blackgaogamon|Vento|Besta de grande porte que combina garras desenvolvidas com movimentos rápidos.
blackgalgomon|Metal|Caçador que explora sombras e emboscadas, combinando armamento com técnicas de combate próximo.
blacktailmon|Escuridão|Felino de natureza sombria, pequeno no tamanho e perigoso em ataques furtivos.
blacktailmon_uver|Escuridão|Entregador felino que converteu dados de serviços de entrega em agilidade e eficiência.
blackgrowmon|Escuridão|Dragão negro de comportamento feroz, marcado por uma forte natureza viral.
bladekuwagamon|Metal|Inseto mecânico cujo corpo armado e blindado funciona como uma lâmina viva.
blimpmon|Metal|Veículo aéreo com corpo de dirigível e revestimento metálico, especializado em deslocamento pelo céu.
bombernanimon|Fogo|Invasor de origem incomum cujo corpo explosivo transforma aproximações em ameaças.
boogiemon|Escuridão|Feiticeiro de marcas ocultas que prefere surpreender seus alvos com magia e emboscadas.
bulkmon|Elétrico|Lutador musculoso nascido de dados de treinamento físico, reúne força e energia elétrica.
buraimon|Metal|Espadachim alado que aperfeiçoa duas lâminas com treinamento constante.
burgamon_lv4|Neutro|Cozinheiro de coração generoso que transforma dados de ingredientes em refeições para outros Digimon.
centalmon|Metal|Guerreiro de corpo equino, protegido por uma carapaça e equipado com uma arma integrada ao braço.
chamblemon|Madeira|Cogumelo de veneno potente que utiliza seus recursos vegetais para ameaçar invasores.
clockmon|Neutro|Guardião de relógios digitais capaz de interferir no fluxo temporal dos sistemas.
coelamon|Água|Peixe ancestral de pele resistente e grandes garras, adaptado à sobrevivência no Net Ocean.
coredramon_b|Fogo|Dragão azul de dados dracônicos concentrados, combina voo com ataques de chama.
coredramon_g|Fogo|Dragão verde robusto, com força terrestre e técnicas alimentadas por energia dracônica ardente.
cougarmon|Terra|Felino raro das montanhas orientais, usa sua constituição selvagem para caçar em terrenos difíceis.
cyclomon|Terra|Guerreiro dracônico de um só olho e braço enorme, voltado a golpes de força destrutiva.
damemon|Metal|Mutante originado de dados descartados, guarda recursos mecânicos sob uma aparência peculiar.
darcmon|Luz|Guerreira angelical de vanguarda, abre caminho contra ameaças com sua espada sagrada.
darklizamon|Escuridão|Dragão cercado por fogo sombrio, ataca com chamas silenciosas de natureza obscura.
darkmaildramon|Metal|Servo blindado que abandonou sua antiga justiça, mantendo uma armadura de grande resistência.
darktyranomon|Fogo|Dinossauro alterado por dados virais, combina ferocidade e sopros incendiários.
deadlyaxemon|Metal|Besta leal a SkullKnightmon, reúne velocidade, vigor e a capacidade de servir como arma.
deckerdramon|Metal|Ciborgue de artilharia pesada, preparado para enfrentar alvos aéreos com seus lançadores.
deltamon|Neutro|Criatura composta por três corpos fundidos, usa ataques coordenados de suas diferentes cabeças.
revolmon|Metal|Justiceiro de corpo semelhante a um revólver, especializado em disparos precisos.
devidramon|Escuridão|Dragão demoníaco de múltiplos olhos que impõe terror com sua presença e ataques cruéis.
devimon|Escuridão|Anjo caído que manipula poderes sombrios para corromper e dominar.
death-x-dorugamon|Escuridão|Forma morta-viva ligada a experimentos dracônicos, caça para sustentar sua existência anômala.
diatrymon|Terra|Ave ancestral incapaz de voar, corre com pernas vigorosas e enfrenta inimigos de frente.
dimetromon|Terra|Réptil de grande vela dorsal, recupera ferimentos através das propriedades dessa estrutura.
dinohumon|Metal|Guerreiro reptiliano de musculatura forte, dedicado ao combate com armas cortantes.
dobermon|Escuridão|Cão caçador de temperamento feroz, persegue ameaças com instintos aguçados.
dogmon|Neutro|Cão de origem cartunesca cujo corpo elástico absorve impactos e muda de forma.
dokugumon|Escuridão|Aranha contaminada por dados virais, usa veneno e teias para encurralar presas.
rukamon|Água|Habitante dos oceanos com forma de golfinho, favorece mobilidade e comunicação no ambiente marinho.
donshoutmon|Fogo|Forma movida pelo entusiasmo de combate, emprega armas em movimentos ritmados e intensos.
dorugamon|Metal|Besta dracônica pesada de instintos ferozes, conhecida por disparar projéteis metálicos.
dorulumon|Terra|Besta de espírito cavalheiresco, utiliza brocas para lutar e atravessar terrenos rochosos.
drimogemon|Terra|Escavador reservado que atravessa o subsolo rapidamente com a broca de seu focinho.
ebidramon|Água|Criatura aquática de carapaça resistente e pinças fortes, perigosa quando subestimada.
eosmon_lv4|Neutro|Digimon artificial de forma alada, resultado de pesquisas que ampliaram o potencial de dados sintéticos.
xv-mon|Neutro|Dragão de linhagem antiga, reúne voo, força física e grande potencial evolutivo.
exermon|Neutro|Praticante de uma arte corporal inspirada em yoga, combina flexibilidade e disciplina.
eyesmon|Escuridão|Dragão que habita sombras e acumula dados através de numerosos olhos vigilantes.
eyesmon_scatter|Escuridão|Fragmentos de Eyesmon que observam redes e recolhem dados para alimentar sua forma reunida.
fangmon|Escuridão|Lobo predador das florestas, engana viajantes e caça nas regiões mais isoladas.
filmon|Elétrico|Guerreiro de grandes espinhos que injeta energia em seus golpes e investidas.
firamon|Fogo|Leão alado protetor de ruínas, mergulha sobre ameaças envolto em chamas.
flarelizamon|Fogo|Dragão de corpo incendiário, transforma seu temperamento intenso em poder de fogo.
flymon|Vento|Inseto de asas enormes que voa velozmente e desorienta inimigos com seu deslocamento.
forgebeemon|Metal|Operário ciborgue da Royal Base, equipado para construir e manter estruturas da colmeia.
yukidarumon|Gelo|Criatura de neve e cristais de gelo, combina natureza gentil com golpes congelantes.
fugamon|Vento|Oni combativo que soma sua força muscular a ataques associados a correntes de ar.
galemon|Vento|Dragão-ave cujos chifres sensoriais e grandes asas favorecem navegação e combate aéreo.
ganemon|Metal|Mutante de corpo semelhante a uma moeda, persegue riquezas através de suas negociações astutas.
gaogamon|Vento|Besta veloz de garras desenvolvidas, capaz de combinar corrida e golpes precisos.
galgomon|Metal|Caçador de orelhas longas que combina rapidez com armamento integrado aos braços.
garurumon|Fogo|Lobo de pelagem resistente e lâminas nos ombros, ataca com mobilidade e chamas azuis.
garurumon_black|Fogo|Variante viral do lobo blindado, de comportamento travesso e ataques ardentes.
tailmon|Luz|Felino sagrado cujo anel expressa um poder muito maior do que seu pequeno porte sugere.
gawappamon|Água|Ciborgue inspirado em um kappa e em tocadores de música, combate com ritmo e recursos aquáticos.
gekomon|Água|Anfíbio que transforma sua voz e instrumentos naturais em técnicas sonoras.
geogreymon|Fogo|Dinossauro de carapaça reforçada, criado para ofensivas de grande impacto e fogo.
geremon|Neutro|Molusco agressivo de pouca força, enfrenta oponentes maiores com insistência.
gesomon|Água|Predador semelhante a uma lula, protege seu território nas profundezas do Net Ocean.
ginkakumon|Metal|Oni de grande porte que carrega um recipiente nas costas e luta com força esmagadora.
ginkakumon_promote|Metal|Forma de combate conjunta dos irmãos oni, combina pilotagem intuitiva com força bruta.
ginryumon|Metal|Dragão coberto por armadura de estilo japonês, flutua com leveza apesar de sua proteção.
gladimon|Metal|Pequeno guerreiro de armadura leve, atravessa a linha de frente com agilidade.
goldnumemon|Metal|Variante dourada de Numemon, acumula dados de ouro e realiza ataques pelo ar.
golemon|Terra|Golem de corpo rochoso animado por dados de uma antiga maldição.
gorimon|Metal|Guerreiro de braços poderosos, combina força de gorila com um canhão integrado.
greymon-first|Fogo|Dinossauro com crânio protegido por carapaça, reúne chifres, garras e sopros de fogo.
greymon|Fogo|Variante de instinto ofensivo extremo, especializada em pressionar inimigos com ferocidade.
greymon_blue|Fogo|Variante azul e negra de Greymon, mantém ataques de chama e um temperamento selvagem.
gryzmon|Terra|Urso de grande porte e espírito honrado, usa garras e força para defender seus aliados.
growmon|Fogo|Dragão rubro cuja ferocidade se expressa em lâminas e ataques incendiários.
growmon_orange|Fogo|Variante Data de Growlmon, de atitude mais contida e grande poder de fogo.
guardromon|Metal|Sentinela mecânica de redes, protegida por blindagem e armamento defensivo.
gardromon_gold|Metal|Guardião reforçado com dados de minério, capaz de resistir a ataques contra sua mina.
gulusgammamon|Escuridão|Forma sombria de Gammamon que rejeita interferências e concentra sua vontade no combate.
gururumon|Fogo|Lobo semelhante a Garurumon, de temperamento brutal e ataques ligados a chamas.
hakubamon|Luz|Besta sagrada que reúne traços de cavalo e dragão oriental, vivendo em montanhas isoladas.
hi-commandramon|Metal|Soldado de infantaria pesada da D-Brigade, equipado para avançar sob fogo inimigo.
hi-visionmonitamon|Metal|Monitor de reconhecimento avançado, especializado em análise e coleta de informações.
hookmon|Água|Pirata de um só olho que cruza o Net Ocean em busca de sua presa lendária.
hoverespimon|Metal|Investigador ciborgue adaptado para voar, navegar e mergulhar durante suas missões.
hudiemon|Vento|Figura humanoide de asas de borboleta, desloca-se pelo ar com movimentos leves.
hyougamon|Gelo|Oni territorial de regiões geladas, ataca invasores com recursos do frio.
icedevimon|Gelo|Anjo sombrio de extrema crueldade, combina engano com técnicas congelantes.
icemon|Gelo|Criatura de corpo inteiramente gelado, utiliza a dureza e o frio de sua estrutura em combate.
ikkakumon|Água|Besta marinha resistente ao frio, rompe defesas com seu chifre e projéteis.
jazardmon|Metal|Dragão mecânico baseado em caças, favorece voo veloz e manobras de decolagem vertical.
junglemojamon|Madeira|Habitante das selvas que defende ferozmente a mata e o espaço de sua toca.
kabuterimon|Elétrico|Inseto de carapaça sólida e grandes asas, combina resistência com descargas elétricas.
kausgammamon|Vento|Forma azul de Gammamon que plana utilizando membranas nos braços e correntes de ar.
kinkakumon|Metal|Oni impulsiva que avança sem hesitar, usando grande força em golpes diretos.
kiwimon|Madeira|Ave ancestral terrestre com afinidade vegetal, adapta-se ao solo através de pernas fortes.
knightchessmon_black|Metal|Cavaleiro de aparência enxadrística que lança dardos e salta sobre adversários.
knightchessmon|Metal|Cavaleiro branco de pernas vigorosas, especializado em arremessos e mobilidade.
kougamon|Escuridão|Ninja de máscara roxa que percorre o mundo treinando técnicas furtivas.
cockatrimon|Terra|Ave de pernas musculosas, adaptada à vida terrestre e a ataques de grande impacto.
kokeshimon|Madeira|Marionete baseada em bonecas tradicionais, habita construções abandonadas e luta com seu corpo rígido.
komondomon|Terra|Besta de transporte que leva companheiros sobre o dorso e atravessa terrenos difíceis.
chrysalimon|Escuridão|Casulo de Keramon que processa dados para preparar uma evolução mais poderosa.
kuwagamon|Metal|Inseto de pinças enormes, usa carapaça e mandíbulas cortantes para superar rivais.
kyubimon|Luz|Raposa mística de nove caudas, combina técnicas espirituais e fogo sobrenatural.
landramon|Terra|Predador mineral de dados arenosos, esconde-se em desertos e se move através da areia.
lavorvomon|Fogo|Dragão de corpo de lava, deixa cinzas por onde passa e luta com calor intenso.
lekismon|Escuridão|Guerreira de afinidade lunar, engana oponentes com saltos e movimentos rápidos.
leomon|Luz|Guerreiro leonino de espírito honrado, protege outros Digimon com força e convicção.
liamon|Elétrico|Leão sagrado de presença régia que descarrega eletricidade através de sua juba.
lianpumon|Neutro|Mutante festivo que troca suas máscaras e transforma a própria aparência durante suas apresentações.
loogarmon|Escuridão|Besta sombria que produz magia em excesso e libera seu poder através de chamas obscuras.
machmon|Metal|Ciborgue com forma de motocicleta, busca velocidade em corridas pelas planícies.
madleomon|Escuridão|Guerreiro leonino morto-vivo que trocou discernimento por um instinto de combate descontrolado.
madleomon:armedmode|Escuridão|Forma modificada de MadLeomon que usa uma motosserra enquanto sua fúria cresce.
mailbirdramon|Metal|Predador mecânico aéreo que observa o campo e oferece apoio com ataques precisos.
manekimon|Metal|Marionete inspirada em um gato da sorte, esconde grande poder em seu braço aumentado.
mantaraymon_x|Água|Habitante aquático com forma de arraia, reúne velocidade e técnicas de precisão.
meicoomon|Neutro|Felino de origem não identificada, esconde unhas cortantes sob sua aparência macia.
mechanorimon|Metal|Traje mecânico pilotado por Digimon menores, fornece proteção e recursos de combate ao ocupante.
meramon|Fogo|Ser de chamas rubras que nasceu de dados de proteção de redes.
mikemon|Neutro|Felino tricolor de natureza bestial, luta através de sua agilidade e garras.
mimicmon|Escuridão|Mutante de segurança corrompida que captura intrusos virais dentro de sua estrutura.
minotaurmon|Escuridão|Guerreiro de pele resistente, canaliza poder sombrio em investidas pesadas.
mojyamon|Gelo|Besta de pelagem branca que vive em regiões nevadas e raramente se deixa encontrar.
monochromon|Terra|Dragão blindado de grande chifre, enfrenta inimigos com a resistência de sua carapaça.
morishellmon|Madeira|Molusco dos pântanos florestais, camufla seu corpo para viver entre a vegetação.
tuchidarumon|Terra|Variante de Frigimon formada de terra, gentil por natureza e resistente em defesa.
mulemon|Metal|Máquina quadrúpede de grande durabilidade, capaz de manter equilíbrio em terrenos acidentados.
musyamon|Metal|Guerreiro de armadura e espada, originado de dados de jogos alterados por um vírus.
namakemon|Neutro|Marionete que prefere descansar e comer, vivendo de forma despreocupada e pouco combativa.
nanimon|Neutro|Visitante de outra dimensão digital, de comportamento rude e origem incomum.
nefertimon_x|Luz|Besta sagrada ligada ao DigiOvo da Luz, enfrenta a escuridão com poderes de purificação.
nightchiropmon|Escuridão|Especialista em reconhecimento noturno, utiliza um traje furtivo para agir sem ser percebido.
igamon|Madeira|Ninja que treina técnicas de ocultação em florestas e ambientes aquáticos.
nisedrimogemon|Terra|Escavador parecido com Drimogemon, reconhecível por seu bigode e habilidades subterrâneas.
numemon|Neutro|Molusco de ambientes úmidos, sobrevive com recursos simples apesar de sua pouca força.
octmon|Água|Molusco colecionador de objetos, equipado com braços e garras para explorar o oceano.
orgemon|Terra|Oni de músculos poderosos, prefere golpes diretos com seu porrete.
omekamon|Neutro|Marionete nascida de desenhos digitais, tenta imitar a aparência dos Royal Knights.
paledramon|Gelo|Dragão de asas geladas, voa em condições difíceis e resiste a variações de temperatura.
parasaurmon|Madeira|Dinossauro gentil de regiões quentes, usa órgãos semelhantes a frutos e aromas em sua interação.
peckmon|Vento|Ave corredora de pernas fortes, combina velocidade terrestre com ataques acrobáticos.
pegasmon_x|Luz|Besta alada vinculada à esperança, protege aliados através de poder sagrado.
petermon|Vento|Figura feérica que dança pelos céus e atrai jovens Digimon para seu refúgio.
pidmon|Luz|Anjo de duas asas que defende a virtude com energia luminosa.
platinasukamon|Metal|Mutante que incorporou dados de metais raros, adquirindo um corpo de brilho platinado.
porcupamon|Escuridão|Marionete rara de espinhos perigosos, marcada pela luta pela sobrevivência.
potamon|Neutro|Entusiasta de batatas fritas que compartilha alimentos e dados culinários com outros Digimon.
pteranomon_x|Metal|Pterossauro de asas metálicas, especializado em voo de altitude e ataques aéreos.
publimon|Neutro|Observador de capuz de concha, reúne e transmite informações sobre outros Digimon.
punkmon|Escuridão|Dragão rebelde nascido da cultura punk, expressa agressividade através de música e atitude.
raptorsparrowmon|Metal|Forma blindada de Sparrowmon que combina proteção de Chrondigizoid com mobilidade aérea.
raptordramon|Metal|Predador ciborgue de corpo resistente, persegue suas presas com instintos apurados.
raremon|Escuridão|Morto-vivo de estrutura instável, resultado de uma tentativa fracassada de prolongar a vida mecanicamente.
redvegimon|Madeira|Forma amadurecida de Vegiemon, reúne maior força e inteligência em um corpo avermelhado.
reppamon|Vento|Besta sagrada de cauda cortante, combina mobilidade com uma lâmina que age por vontade própria.
rhamphomon|Vento|Pterossauro de grandes membranas, capaz de transportar cargas pesadas durante o voo.
rhinomon_x|Metal|Mamífero blindado com Chrondigizoid, destaca-se por uma proteção particularmente sólida.
gokimon|Escuridão|Inseto de aparência de barata, evita ser visto e se desloca com grande agilidade.
runnermon|Vento|Corredor que mantém sua velocidade mesmo em colinas, pântanos e outros terrenos difíceis.
saberdramon|Escuridão|Ave de temperamento agressivo, envolve suas investidas em chamas sombrias.
sandyammamon|Terra|Inseto das regiões desérticas que defende seu território através de recursos da areia.
sangloupmon|Escuridão|Lobo ancestral de natureza vampírica, caça através de movimentos rápidos e poderes obscuros.
seadramon|Água|Serpente aquática que usa seu corpo longo para envolver e imobilizar adversários.
sealsdramon|Metal|Soldado de elite da D-Brigade, especializado em operações de precisão e infiltração.
siesamon|Luz|Besta protetora inspirada em um shisa, enfrenta ameaças e afasta calamidades.
shademon|Escuridão|Presença sem corpo que habita sombras e se alimenta do desespero de seus hospedeiros.
shonitamon|Metal|Forma de reconhecimento armado que usa furtividade e técnicas ninja para investigar inimigos.
karatukinumemon|Água|Numemon protegido por uma concha, transforma abrigo em uma defesa simples e eficaz.
shellmon|Água|Molusco de corpo macio e grande concha, habita o Net Ocean e defende seu território.
shimaunimon|Luz|Variante listrada de Unimon sem asas, desloca-se velozmente em terra com seu chifre.
shoeshoemon|Vento|Marionete inquieta que desliza sobre patins e atravessa copas de árvores com agilidade.
shootingstarmon|Luz|Forma conjunta de Starmon e Pickmon, impulsionada pelo esforço coordenado do grupo.
shortmon|Neutro|Confeiteiro de corpo semelhante a um bolo, aperfeiçoa receitas e técnicas de decoração.
shoutmon_king|Fogo|Forma amadurecida de Shoutmon, une treinamento, coragem e a força de sua voz.
shoutmonx2|Metal|Fusão de armadura reforçada que aumenta a força e a proteção de seu ocupante.
shoutmonx3|Metal|Guerreiro composto que reúne diferentes capacidades de combate em um único corpo.
shoutmonx4|Metal|Forma conjunta movida pela determinação de vencer, equipada para confrontos decisivos.
sistermon_ciel|Metal|Espadachim de véu inspirado em um rato, atua com disciplina e sua lâmina particular.
sistermon_ciel_Awake|Luz|Forma desperta de Sistermon Ciel, amplia o poder de sua espada através de uma marca sagrada.
sistermonnoir|Metal|Irmã de véu felino e comportamento jovial, protege companheiros com suas armas.
sistermon_noir_Awake|Luz|Forma desperta de Sistermon Noir, libera força adicional através de seu estigma sagrado.
skullknightmon|Escuridão|Cavaleiro morto-vivo astuto, mantém uma aliança de combate com DeadlyAxemon.
skullknightmoncavaliermode|Metal|Forma montada de SkullKnightmon, aproxima-se dos inimigos através de cargas velozes.
skullknightmonbigaxemode|Metal|Forma armada com DeadlyAxemon, concentra força em golpes de machado.
snatchmon|Metal|Digimon artificial que incorpora dados de outros para ampliar seu corpo e suas capacidades.
snimon|Metal|Caçador experimental inspirado em um louva-a-deus, usa lâminas e precisão para perseguir alvos.
sorcerimon|Gelo|Feiticeiro de Witchelny que combina poderes de gelo, luz e técnicas de recuperação.
soulmon|Escuridão|Fantasma de programas amaldiçoados, fortalece sua magia através de um chapéu negro.
starmon|Luz|Guerreiro de forma estelar, protegido por uma armadura e ligado a dados de astronomia.
stingmon|Metal|Inseto humanoide de exoesqueleto firme, executa ataques rápidos e perfurantes.
strikedramon|Fogo|Comando dracônico que enfrenta ameaças virais com determinação e técnicas incendiárias.
scumon|Neutro|Mutante nascido do acúmulo de dados descartados, sobrevive através de recursos pouco convencionais.
sunflowmon|Madeira|Girassol digital que absorve luz solar para fortalecer suas técnicas vegetais.
symbareangoramon|Vento|Guerreiro de movimentos leves que trocou parte da proteção de sua pelagem por velocidade.
tankmon|Metal|Mercenário ciborgue de corpo semelhante a um tanque, combina blindagem e artilharia.
targetmon|Neutro|Marionete persistente que rastreia seus alvos através de óculos de alta precisão.
teslajellymon|Elétrico|Lutadora de corpo flexível que combina dados de esportes de combate e técnicas elétricas.
thunderballmon|Elétrico|Pequeno gerador digital cujo corpo magnetizado descarrega eletricidade continuamente.
tialudomon|Metal|Defensor de grande durabilidade que usa velocidade para resgatar aliados no campo de batalha.
tobiumon|Água|Caçador aquático de nadadeiras desenvolvidas, capaz de transitar pela água, pelo ar e pelo solo.
tobucatmon|Vento|Marionete felina de comportamento selvagem que sobrevoa o Net Ocean.
togemon|Madeira|Cacto gigante que armazena nutrientes e utiliza espinhos e golpes para enfrentar ameaças.
tortamon|Terra|Tartaruga de corpo denso e casco cortante, reúne grande peso e resistência.
trailmon|Metal|Transporte ferroviário digital que conecta terminais e regiões do Mundo Digital.
troopmon|Metal|Soldado artificial de corpo elástico, obedece ordens usando energia extraída de outros Digimon.
turbomon|Metal|Besta quadrúpede cujas estruturas semelhantes a rodas permitem deslocamento motorizado.
turuiemon|Metal|Artista marcial que percorre o mundo treinando e combatendo ameaças virais.
tuskmon|Terra|Dinossauro pesado que rompe obstáculos com os enormes chifres de seus ombros.
tuwarmon|Metal|Ninja que abandona seu disfarce e libera técnicas de combate antes restringidas pela armadura.
tylomon_x|Água|Dragão oceânico de grande velocidade, adaptado a perseguições nas profundezas.
tyranomon|Fogo|Dinossauro ancestral de braços fortes e cauda pesada, combina força física e fogo.
yunimon|Luz|Besta alada que reúne características de unicórnio e pégaso, associada a poderes sagrados.
v-dramon|Neutro|Dragão de linhagem antiga e rara, conhecido por sua força e afinidade com parceiros humanos.
vegimon|Madeira|Planta carnívora que atrai Digimon menores com aromas e os prende em seus cipós.
evilmon|Escuridão|Pequeno demônio provocador que prefere atormentar oponentes a enfrentá-los diretamente.
waspmon|Metal|Sentinela ciborgue da Royal Base, patrulha o céu com sensores e armamento.
zassoumon|Madeira|Variante de Vegiemon com a resistência de ervas daninhas, difícil de conter mesmo após sofrer danos.
wendimon|Escuridão|Forma sombria de Lopmon criada por raiva e sofrimento, marcada por força brutal.
wezengammamon|Metal|Forma quadrúpede de Gammamon equipada com armas para ataques de longa distância.
whamon_2|Água|Gigante das profundezas do Net Ocean, raramente visto nas regiões de superfície.
witchmon|Vento|Feiticeira de Witchelny que combina magia de vento e água em sua rivalidade com Wizardmon.
wizarmon|Fogo|Feiticeiro viajante de Witchelny, utiliza programação mágica ligada ao fogo e à terra.
wolvermon|Metal|Ciborgue de braços armados com diferentes metais, preparado para alternar recursos de combate.
woodmon|Madeira|Árvore viva de aparência ressecada, captura energia de outros e se desloca por suas raízes.
xiquemon|Água|Ave que combina voo e natação, utilizando dados de peixe para caçar sob a água.
yakiimon|Fogo|Vegetal de aparência de batata assada, fortalece seu poder através do calor e do treinamento.
yammamon|Elétrico|Inseto inspirado em uma libélula gigante, combina carapaça rígida e ataques elétricos.
youkomon|Escuridão|Raposa azul de nove caudas, temida por poderes místicos associados a destruição.
yoxtuyoxtumon|Neutro|Marionete formada de ioiôs, domina técnicas de movimento baseadas em apresentações digitais.
zubaeagermon|Metal|Evolução de Zubamon que expressa determinação em um corpo com propriedades de arma.
